ticker,announce_date,announce_hour,eps_est,eps_act
AAPL,2026-10-29,16.0,1.98,
AAPL,2026-07-30,16.0,1.89,2.02
AAPL,2026-04-30,16.0,1.94,2.01
AAPL,2026-01-29,16.0,2.67,2.84
AAPL,2025-10-30,16.0,1.77,1.85
AAPL,2025-07-31,16.0,1.43,1.57
AAPL,2025-05-01,16.0,1.62,1.65
AAPL,2025-01-30,16.0,2.35,2.4
AAPL,2024-10-31,16.0,0.95,0.97
AAPL,2024-08-01,16.0,1.34,1.4
AAPL,2024-05-02,16.0,1.51,1.53
AAPL,2024-02-01,16.0,2.1,2.18
AAPL,2023-11-02,16.0,1.39,1.46
AAPL,2023-08-03,16.0,1.19,1.26
AAPL,2023-05-04,16.0,1.43,1.52
AAPL,2023-02-02,16.0,1.95,1.88
AAPL,2022-10-27,16.0,1.27,1.29
AAPL,2022-07-28,16.0,1.15,1.2
AAPL,2022-04-28,16.0,1.43,1.52
AAPL,2022-01-27,16.0,1.89,2.1
AAPL,2021-10-28,16.0,1.24,1.24
AAPL,2021-07-27,16.0,1.01,1.3
AAPL,2021-04-28,16.0,0.98,1.4
AAPL,2021-01-27,16.0,1.42,1.68
AAPL,2020-10-29,16.0,0.7,0.73
AAPL,2020-07-30,16.0,0.52,0.65
AAPL,2020-04-30,17.0,0.56,0.64
AAPL,2020-01-28,16.0,1.13,1.25
AAPL,2019-10-30,16.0,0.71,0.76
AAPL,2019-07-30,16.0,0.53,0.55
AAPL,2019-04-30,16.0,0.59,0.62
AAPL,2019-01-29,16.0,1.04,1.05
AAPL,2018-11-01,16.0,0.7,0.73
AAPL,2018-07-31,16.0,0.54,0.59
AAPL,2018-05-01,16.0,0.67,0.68
AAPL,2018-02-01,16.0,0.96,0.97
AAPL,2017-11-02,16.0,0.47,0.52
AAPL,2017-08-01,16.0,0.39,0.42
AAPL,2017-05-02,16.0,0.51,0.53
AAPL,2017-01-31,16.0,0.81,0.84
AAPL,2016-10-25,16.0,0.41,0.42
AAPL,2016-07-26,16.0,0.35,0.36
AAPL,2016-04-26,16.0,0.5,0.48
AAPL,2016-01-26,16.0,0.81,0.82
AAPL,2015-10-27,16.0,0.47,0.49
AAPL,2015-07-21,16.0,0.45,0.46
AAPL,2015-04-27,16.0,0.54,0.58
AAPL,2015-01-27,16.0,0.65,0.77
AAPL,2014-10-20,16.0,0.33,0.36
AAPL,2014-07-22,16.0,0.31,0.32
MSFT,2026-10-28,16.0,4.72,
MSFT,2026-07-29,16.0,4.24,4.74
MSFT,2026-04-29,16.0,4.07,4.27
MSFT,2026-01-28,16.0,3.92,4.14
MSFT,2025-10-29,16.0,3.66,4.13
MSFT,2025-07-30,16.0,3.38,3.65
MSFT,2025-04-30,16.0,3.22,3.46
MSFT,2025-01-29,16.0,3.12,3.23
MSFT,2024-10-30,16.0,3.11,3.3
MSFT,2024-07-30,16.0,2.94,2.95
MSFT,2024-04-25,16.0,2.84,2.94
MSFT,2024-01-30,16.0,2.77,2.93
MSFT,2023-10-24,16.0,2.65,2.99
MSFT,2023-07-25,16.0,2.55,2.69
MSFT,2023-04-25,16.0,2.23,2.45
MSFT,2023-01-24,16.0,2.32,2.32
MSFT,2022-10-25,16.0,2.31,2.35
MSFT,2022-07-26,16.0,2.29,2.23
MSFT,2022-04-26,16.0,2.2,2.22
MSFT,2022-01-25,16.0,2.32,2.48
MSFT,2021-10-26,16.0,2.08,2.27
MSFT,2021-07-27,16.0,1.93,2.17
MSFT,2021-04-27,16.0,1.78,1.95
MSFT,2021-01-26,16.0,1.64,2.03
MSFT,2020-10-27,16.0,1.55,1.82
MSFT,2020-07-22,16.0,1.37,1.46
MSFT,2020-04-29,16.0,1.27,1.4
MSFT,2020-01-29,16.0,1.32,1.51
MSFT,2019-10-23,16.0,1.24,1.38
MSFT,2019-07-18,16.0,1.21,1.37
MSFT,2019-04-24,16.0,1.0,1.14
MSFT,2019-01-30,16.0,1.09,1.1
MSFT,2018-10-24,16.0,0.97,1.14
MSFT,2018-07-19,16.0,1.08,1.13
MSFT,2018-04-26,16.0,0.85,0.95
MSFT,2018-01-31,16.0,0.87,0.96
MSFT,2017-10-26,16.0,0.73,0.84
MSFT,2017-07-20,16.0,0.71,0.98
MSFT,2017-04-27,16.0,0.7,0.73
MSFT,2017-01-26,16.0,0.79,0.84
MSFT,2016-10-20,16.0,0.68,0.76
MSFT,2016-07-19,16.0,0.58,0.69
MSFT,2016-04-21,16.0,0.64,0.62
MSFT,2016-01-28,16.0,0.71,0.78
MSFT,2015-10-22,16.0,0.59,0.67
MSFT,2015-07-21,16.0,0.57,0.62
MSFT,2015-04-23,16.0,0.53,0.62
MSFT,2015-01-26,16.0,0.74,0.77
MSFT,2014-10-23,16.0,0.54,0.65
MSFT,2014-07-22,16.0,0.6,0.55
NVDA,2026-11-17,15.0,2.47,
NVDA,2026-08-26,16.0,2.09,2.22
NVDA,2026-05-20,16.0,1.77,1.87
NVDA,2026-02-25,16.0,1.54,1.62
NVDA,2025-11-19,16.0,1.26,1.3
NVDA,2025-08-27,16.0,1.01,1.05
NVDA,2025-05-28,16.0,0.75,0.81
NVDA,2025-02-26,16.0,0.85,0.89
NVDA,2024-11-20,16.0,0.75,0.81
NVDA,2024-08-28,16.0,0.64,0.68
NVDA,2024-05-22,16.0,0.56,0.61
NVDA,2024-02-21,16.0,0.46,0.52
NVDA,2023-11-21,16.0,0.34,0.4
NVDA,2023-08-23,16.0,0.21,0.27
NVDA,2023-05-24,16.0,0.09,0.11
NVDA,2023-02-22,16.0,0.08,0.09
NVDA,2022-11-16,16.0,0.07,0.06
NVDA,2022-08-24,16.0,0.05,0.05
NVDA,2022-05-25,16.0,0.13,0.14
NVDA,2022-02-16,16.0,0.12,0.13
NVDA,2021-11-17,16.0,0.11,0.12
NVDA,2021-08-18,16.0,0.1,0.1
NVDA,2021-05-26,16.0,0.08,0.09
NVDA,2021-02-24,16.0,0.07,0.08
NVDA,2020-11-18,16.0,0.06,0.07
NVDA,2020-08-19,16.0,0.05,0.05
NVDA,2020-05-21,16.0,0.04,0.05
NVDA,2020-02-13,16.0,0.04,0.05
NVDA,2019-11-14,16.0,0.04,0.04
NVDA,2019-08-15,16.0,0.03,0.03
NVDA,2019-05-16,16.0,0.02,0.02
NVDA,2019-02-14,16.0,0.02,0.02
NVDA,2018-11-15,16.0,0.05,0.05
NVDA,2018-08-16,16.0,0.05,0.05
NVDA,2018-05-10,16.0,0.04,0.05
NVDA,2018-02-08,16.0,0.03,0.04
NVDA,2017-11-09,16.0,0.03,0.03
NVDA,2017-08-10,16.0,0.02,0.03
NVDA,2017-05-09,16.0,0.02,0.02
NVDA,2017-02-09,16.0,0.02,0.03
NVDA,2016-11-10,16.0,0.02,0.02
NVDA,2016-08-11,16.0,0.01,0.01
NVDA,2016-05-12,21.0,0.01,0.01
NVDA,2016-02-17,16.0,0.01,0.01
NVDA,2015-11-05,16.0,0.01,0.01
NVDA,2015-08-06,16.0,0.01,0.01
NVDA,2015-05-07,16.0,0.01,0.01
NVDA,2015-02-11,16.0,0.01,0.01
NVDA,2014-11-06,16.0,0.01,0.01
NVDA,2014-08-07,16.0,0.01,0.01
AVGO,2026-12-09,15.0,3.83,
AVGO,2026-09-02,16.0,3.24,
AVGO,2026-06-03,16.0,2.4,2.44
AVGO,2026-03-04,16.0,2.02,2.05
AVGO,2025-12-11,16.0,1.87,1.95
AVGO,2025-09-04,16.0,1.66,1.69
AVGO,2025-06-05,16.0,1.57,1.58
AVGO,2025-03-06,16.0,1.51,1.6
AVGO,2024-12-12,16.0,1.39,1.42
AVGO,2024-09-05,16.0,1.21,1.24
AVGO,2024-06-12,16.0,1.08,1.1
AVGO,2024-03-07,16.0,1.04,1.1
AVGO,2023-12-07,16.0,1.1,1.11
AVGO,2023-08-31,16.0,1.04,1.05
AVGO,2023-06-01,16.0,1.01,1.03
AVGO,2023-03-02,16.0,1.02,1.03
AVGO,2022-12-08,16.0,1.03,1.05
AVGO,2022-09-01,16.0,0.95,0.97
AVGO,2022-05-26,7.0,0.87,0.91
AVGO,2022-03-03,16.0,0.81,0.84
AVGO,2021-12-09,16.0,0.78,0.78
AVGO,2021-09-02,16.0,0.69,0.7
AVGO,2021-06-03,16.0,0.65,0.66
AVGO,2021-03-04,16.0,0.66,0.66
AVGO,2020-12-10,16.0,0.62,0.64
AVGO,2020-09-03,16.0,0.52,0.54
AVGO,2020-06-04,16.0,0.51,0.51
AVGO,2020-03-12,16.0,0.54,0.53
AVGO,2019-12-12,16.0,0.54,0.54
AVGO,2019-09-12,16.0,0.51,0.52
AVGO,2019-06-13,16.0,0.52,0.52
AVGO,2019-03-14,16.0,0.52,0.56
AVGO,2018-12-06,16.0,0.56,0.59
AVGO,2018-09-06,16.0,0.48,0.5
AVGO,2018-06-07,16.0,0.47,0.49
AVGO,2018-03-15,16.0,0.51,0.51
AVGO,2017-12-06,16.0,0.45,0.46
AVGO,2017-08-24,16.0,0.4,0.41
AVGO,2017-06-01,16.0,0.35,0.37
AVGO,2017-03-01,16.0,0.35,0.36
AVGO,2016-12-08,16.0,0.34,0.35
AVGO,2016-09-01,16.0,0.28,0.29
AVGO,2016-06-02,16.0,0.24,0.25
AVGO,2016-03-03,16.0,0.23,0.24
AVGO,2015-12-02,16.0,0.24,0.25
AVGO,2015-08-26,16.0,0.21,0.22
AVGO,2015-05-28,7.0,0.2,0.21
AVGO,2015-02-25,16.0,0.19,0.21
AVGO,2014-12-03,16.0,0.17,0.2
AVGO,2014-08-28,16.0,0.11,0.13
ORCL,2026-12-10,15.0,1.89,
ORCL,2026-09-10,16.0,1.74,1.92
ORCL,2026-06-10,16.0,1.96,2.11
ORCL,2026-03-10,16.0,1.69,1.79
ORCL,2025-12-10,16.0,1.64,2.26
ORCL,2025-09-09,16.0,1.48,1.47
ORCL,2025-06-11,16.0,1.64,1.7
ORCL,2025-03-10,16.0,1.49,1.47
ORCL,2024-12-09,16.0,1.48,1.47
ORCL,2024-09-09,16.0,1.33,1.39
ORCL,2024-06-11,16.0,1.65,1.63
ORCL,2024-03-11,16.0,1.38,1.41
ORCL,2023-12-11,16.0,1.33,1.34
ORCL,2023-09-11,16.0,1.15,1.19
ORCL,2023-06-12,16.0,1.58,1.67
ORCL,2023-03-09,16.0,1.2,1.22
ORCL,2022-12-12,16.0,1.17,1.21
ORCL,2022-09-12,16.0,1.08,1.03
ORCL,2022-06-13,16.0,1.38,1.54
ORCL,2022-03-10,16.0,1.18,1.13
ORCL,2021-12-09,16.0,1.11,1.21
ORCL,2021-09-13,16.0,0.97,1.03
ORCL,2021-06-15,16.0,1.33,1.54
ORCL,2021-03-10,16.0,1.11,1.16
ORCL,2020-12-10,16.0,1.0,1.06
ORCL,2020-09-10,16.0,0.86,0.93
ORCL,2020-06-16,16.0,1.15,1.2
ORCL,2020-03-12,16.0,0.96,0.97
ORCL,2019-12-12,16.0,0.89,0.9
ORCL,2019-09-11,16.0,0.81,0.81
ORCL,2019-06-19,16.0,1.07,1.16
ORCL,2019-03-14,16.0,0.84,0.87
ORCL,2018-12-17,16.0,0.78,0.8
ORCL,2018-09-17,16.0,0.68,0.71
ORCL,2018-06-19,16.0,0.94,0.99
ORCL,2018-03-19,16.0,0.72,0.83
ORCL,2017-12-14,16.0,0.68,0.7
ORCL,2017-09-14,16.0,0.6,0.62
ORCL,2017-06-21,16.0,0.78,0.89
ORCL,2017-03-15,16.0,0.62,0.69
ORCL,2016-12-15,16.0,0.6,0.61
ORCL,2016-09-15,16.0,0.58,0.55
ORCL,2016-06-16,16.0,0.82,0.81
ORCL,2016-03-15,16.0,0.62,0.64
ORCL,2015-12-16,16.0,0.6,0.63
ORCL,2015-09-16,16.0,0.52,0.53
ORCL,2015-06-17,16.0,0.86,0.78
ORCL,2015-03-17,16.0,0.68,0.68
ORCL,2014-12-17,16.0,0.68,0.69
ORCL,2014-09-18,16.0,0.64,0.62
CRM,2026-12-02,15.0,3.45,
CRM,2026-08-26,16.0,3.27,5.9
CRM,2026-05-27,16.0,3.13,3.88
CRM,2026-02-25,16.0,3.05,3.81
CRM,2025-12-03,16.0,2.86,3.25
CRM,2025-09-03,16.0,2.78,2.91
CRM,2025-05-28,16.0,2.55,2.58
CRM,2025-02-26,16.0,2.61,2.78
CRM,2024-12-03,16.0,2.45,2.41
CRM,2024-08-28,16.0,2.36,2.56
CRM,2024-05-29,16.0,2.37,2.44
CRM,2024-02-28,16.0,2.27,2.29
CRM,2023-11-29,16.0,2.06,2.11
CRM,2023-08-30,16.0,1.9,2.12
CRM,2023-05-31,16.0,1.61,1.69
CRM,2023-03-01,16.0,1.36,1.68
CRM,2022-11-30,16.0,1.22,1.4
CRM,2022-08-24,16.0,1.03,1.19
CRM,2022-05-31,16.0,0.94,0.98
CRM,2022-03-01,16.0,0.75,0.84
CRM,2021-11-30,16.0,0.92,1.27
CRM,2021-08-25,16.0,0.93,1.48
CRM,2021-05-27,16.0,0.88,1.21
CRM,2021-02-25,16.0,0.75,1.04
CRM,2020-12-01,16.0,0.75,1.74
CRM,2020-08-25,16.0,0.67,1.44
CRM,2020-05-28,16.0,0.69,0.7
CRM,2020-02-25,16.0,0.56,0.66
CRM,2019-12-03,16.0,0.66,0.75
CRM,2019-08-22,16.0,0.47,0.66
CRM,2019-06-04,16.0,0.61,0.93
CRM,2019-03-04,16.0,0.55,0.7
CRM,2018-11-27,16.0,0.5,0.61
CRM,2018-08-29,16.0,0.47,0.71
CRM,2018-05-29,16.0,0.46,0.74
CRM,2018-02-28,16.0,0.34,0.35
CRM,2017-11-21,16.0,0.37,0.39
CRM,2017-08-22,16.0,0.32,0.33
CRM,2017-05-18,16.0,0.26,0.28
CRM,2017-02-28,16.0,0.25,0.28
CRM,2016-11-17,16.0,0.21,0.24
CRM,2016-08-31,16.0,0.22,0.24
CRM,2016-05-18,16.0,0.23,0.24
CRM,2016-02-24,16.0,0.19,0.19
CRM,2015-11-18,16.0,0.19,0.21
CRM,2015-08-20,16.0,0.17,0.19
CRM,2015-05-20,16.0,0.14,0.16
CRM,2015-02-25,16.0,0.14,0.14
CRM,2014-11-19,16.0,0.13,0.14
CRM,2014-08-21,16.0,0.12,0.13
ADBE,2026-12-09,15.0,6.33,
ADBE,2026-09-10,16.0,6.09,6.13
ADBE,2026-06-11,16.0,5.81,5.96
ADBE,2026-03-12,16.0,5.87,6.06
ADBE,2025-12-10,16.0,5.4,5.5
ADBE,2025-09-11,16.0,5.18,5.31
ADBE,2025-06-12,16.0,4.97,5.06
ADBE,2025-03-12,16.0,4.97,5.08
ADBE,2024-12-11,16.0,4.67,4.81
ADBE,2024-09-12,16.0,4.54,4.65
ADBE,2024-06-13,16.0,4.4,4.48
ADBE,2024-03-14,16.0,4.38,4.48
ADBE,2023-12-13,16.0,4.14,4.27
ADBE,2023-09-14,16.0,3.98,4.1
ADBE,2023-06-15,16.0,3.79,3.91
ADBE,2023-03-15,16.0,3.68,3.8
ADBE,2022-12-15,16.0,3.5,3.6
ADBE,2022-09-15,8.0,3.34,3.4
ADBE,2022-06-16,16.0,3.31,3.35
ADBE,2022-03-22,16.0,3.34,3.37
ADBE,2021-12-16,8.0,3.2,3.2
ADBE,2021-09-21,16.0,3.02,3.11
ADBE,2021-06-17,16.0,2.82,3.03
ADBE,2021-03-23,16.0,2.79,3.14
ADBE,2020-12-10,8.0,2.66,2.81
ADBE,2020-09-15,16.0,2.41,2.57
ADBE,2020-06-11,16.0,2.32,2.45
ADBE,2020-03-12,16.0,2.23,2.27
ADBE,2019-12-12,16.0,2.26,2.29
ADBE,2019-09-17,16.0,1.97,2.05
ADBE,2019-06-18,16.0,1.78,1.83
ADBE,2019-03-14,16.0,1.62,1.71
ADBE,2018-12-13,16.0,1.84,1.83
ADBE,2018-09-13,16.0,1.69,1.73
ADBE,2018-06-14,16.0,1.54,1.66
ADBE,2018-03-15,16.0,1.44,1.55
ADBE,2017-12-14,16.0,1.16,1.26
ADBE,2017-09-19,16.0,1.01,1.1
ADBE,2017-06-20,16.0,0.95,1.02
ADBE,2017-03-16,16.0,0.87,0.94
ADBE,2016-12-15,16.0,0.86,0.9
ADBE,2016-09-20,16.0,0.72,0.75
ADBE,2016-06-21,16.0,0.68,0.71
ADBE,2016-03-17,16.0,0.61,0.66
ADBE,2015-12-10,16.0,0.6,0.62
ADBE,2015-09-17,16.0,0.5,0.54
ADBE,2015-06-16,16.0,0.45,0.48
ADBE,2015-03-17,16.0,0.39,0.44
ADBE,2014-12-11,16.0,0.3,0.36
ADBE,2014-09-16,16.0,0.26,0.28
CSCO,2026-11-12,15.0,1.32,
CSCO,2026-08-12,16.0,1.17,1.22
CSCO,2026-05-13,16.0,1.04,1.06
CSCO,2026-02-11,16.0,1.02,1.04
CSCO,2025-11-12,16.0,0.98,1.0
CSCO,2025-08-13,16.0,0.98,0.99
CSCO,2025-05-14,16.0,0.92,0.96
CSCO,2025-02-12,16.0,0.91,0.94
CSCO,2024-11-13,16.0,0.87,0.91
CSCO,2024-08-14,16.0,0.85,0.87
CSCO,2024-05-15,16.0,0.82,0.88
CSCO,2024-02-14,16.0,0.84,0.87
CSCO,2023-11-15,16.0,1.03,1.11
CSCO,2023-08-16,16.0,1.06,1.14
CSCO,2023-05-17,16.0,0.97,1.0
CSCO,2023-02-15,16.0,0.86,0.88
CSCO,2022-11-16,16.0,0.84,0.86
CSCO,2022-08-17,16.0,0.82,0.83
CSCO,2022-05-18,16.0,0.86,0.87
CSCO,2022-02-16,16.0,0.81,0.84
CSCO,2021-11-17,16.0,0.8,0.82
CSCO,2021-08-18,16.0,0.83,0.84
CSCO,2021-05-19,16.0,0.82,0.83
CSCO,2021-02-09,16.0,0.76,0.79
CSCO,2020-11-12,16.0,0.7,0.76
CSCO,2020-08-12,16.0,0.74,0.8
CSCO,2020-05-13,16.0,0.71,0.79
CSCO,2020-02-12,16.0,0.76,0.77
CSCO,2019-11-13,16.0,0.81,0.84
CSCO,2019-08-14,16.0,0.82,0.83
CSCO,2019-05-15,16.0,0.77,0.78
CSCO,2019-02-13,16.0,0.72,0.73
CSCO,2018-11-14,16.0,0.72,0.75
CSCO,2018-08-15,16.0,0.69,0.7
CSCO,2018-05-16,16.0,0.65,0.66
CSCO,2018-02-14,16.0,0.59,0.63
CSCO,2017-11-15,16.0,0.6,0.61
CSCO,2017-08-16,16.0,0.61,0.61
CSCO,2017-05-17,16.0,0.58,0.6
CSCO,2017-02-15,16.0,0.56,0.57
CSCO,2016-11-16,16.0,0.59,0.61
CSCO,2016-08-17,16.0,0.6,0.63
CSCO,2016-05-18,16.0,0.55,0.57
CSCO,2016-02-10,16.0,0.54,0.57
CSCO,2015-11-12,16.0,0.56,0.59
CSCO,2015-08-12,16.0,0.56,0.59
CSCO,2015-05-13,16.0,0.53,0.54
CSCO,2015-02-11,16.0,0.51,0.53
CSCO,2014-11-12,16.0,0.53,0.54
CSCO,2014-08-13,16.0,0.53,0.55
AMD,2026-11-03,15.0,1.93,
AMD,2026-08-04,16.0,1.61,1.66
AMD,2026-05-05,16.0,1.29,1.37
AMD,2026-02-03,16.0,1.32,1.53
AMD,2025-11-04,16.0,1.17,1.2
AMD,2025-08-05,16.0,0.48,0.48
AMD,2025-05-06,16.0,0.93,0.96
AMD,2025-02-04,16.0,1.09,1.09
AMD,2024-10-29,16.0,0.92,0.92
AMD,2024-07-30,16.0,0.68,0.69
AMD,2024-04-30,16.0,0.61,0.62
AMD,2024-01-30,16.0,0.77,0.77
AMD,2023-10-31,16.0,0.68,0.7
AMD,2023-08-01,16.0,0.57,0.58
AMD,2023-05-02,16.0,0.56,0.6
AMD,2023-01-31,16.0,0.67,0.69
AMD,2022-11-01,16.0,0.7,0.67
AMD,2022-08-02,16.0,1.04,1.05
AMD,2022-05-03,16.0,0.92,1.13
AMD,2022-02-01,16.0,0.76,0.92
AMD,2021-10-26,16.0,0.66,0.73
AMD,2021-07-27,16.0,0.54,0.63
AMD,2021-04-27,16.0,0.44,0.52
AMD,2021-01-26,16.0,0.48,0.52
AMD,2020-10-27,6.0,0.36,0.41
AMD,2020-07-28,16.0,0.17,0.18
AMD,2020-04-28,17.0,0.18,0.18
AMD,2020-01-28,16.0,0.31,0.32
AMD,2019-10-29,16.0,0.18,0.18
AMD,2019-07-30,16.0,0.08,0.08
AMD,2019-04-30,16.0,0.06,0.06
AMD,2019-01-29,16.0,0.08,0.08
AMD,2018-10-24,16.0,0.12,0.13
AMD,2018-07-25,16.0,0.13,0.14
AMD,2018-04-25,16.0,0.09,0.11
AMD,2018-01-30,16.0,0.05,0.08
AMD,2017-10-24,16.0,0.08,0.1
AMD,2017-07-25,16.0,,0.02
AMD,2017-05-01,16.0,-0.04,-0.04
AMD,2017-01-31,16.0,-0.02,-0.01
AMD,2016-10-20,16.0,,0.03
AMD,2016-07-21,16.0,-0.09,-0.05
AMD,2016-04-21,16.0,-0.13,-0.12
AMD,2016-01-19,16.0,-0.1,-0.1
AMD,2015-10-15,16.0,-0.12,-0.17
AMD,2015-07-16,16.0,-0.16,-0.17
AMD,2015-04-16,16.0,-0.06,-0.09
AMD,2015-01-20,16.0,0.01,
AMD,2014-10-16,16.0,0.04,0.03
AMD,2014-07-17,16.0,0.03,0.02
QCOM,2026-11-04,15.0,2.16,
QCOM,2026-07-29,16.0,2.22,2.21
QCOM,2026-04-29,16.0,2.56,2.65
QCOM,2026-02-04,16.0,3.4,3.5
QCOM,2025-11-05,16.0,2.88,3.0
QCOM,2025-07-30,16.0,2.71,2.77
QCOM,2025-04-30,16.0,2.82,2.85
QCOM,2025-02-05,16.0,2.99,3.41
QCOM,2024-11-06,16.0,2.57,2.69
QCOM,2024-07-31,16.0,2.26,2.33
QCOM,2024-05-01,16.0,2.32,2.44
QCOM,2024-01-31,16.0,2.37,2.75
QCOM,2023-11-01,16.0,1.91,2.02
QCOM,2023-08-02,16.0,1.81,1.87
QCOM,2023-05-03,16.0,2.16,2.15
QCOM,2023-02-02,16.0,2.35,2.37
QCOM,2022-11-02,16.0,3.13,3.13
QCOM,2022-07-27,16.0,2.87,2.96
QCOM,2022-04-27,16.0,2.92,3.21
QCOM,2022-02-02,16.0,3.0,3.23
QCOM,2021-11-03,16.0,2.26,2.55
QCOM,2021-07-28,16.0,1.68,1.92
QCOM,2021-04-28,2.0,1.67,1.9
QCOM,2021-02-03,16.0,2.1,2.17
QCOM,2020-11-04,16.0,1.18,1.45
QCOM,2020-07-29,16.0,0.71,0.86
QCOM,2020-04-29,16.0,0.8,0.88
QCOM,2020-02-05,16.0,0.85,0.99
QCOM,2019-11-06,16.0,0.71,0.78
QCOM,2019-07-31,16.0,0.77,0.8
QCOM,2019-05-01,16.0,0.71,0.77
QCOM,2019-01-30,16.0,1.09,1.2
QCOM,2018-11-07,17.0,0.83,0.9
QCOM,2018-07-25,16.0,0.71,0.75
QCOM,2018-04-25,16.0,0.7,0.8
QCOM,2018-01-31,16.0,0.91,0.98
QCOM,2017-11-01,17.0,0.81,0.92
QCOM,2017-07-19,16.0,0.81,0.83
QCOM,2017-04-19,16.0,1.2,1.34
QCOM,2017-01-25,16.0,1.18,1.19
QCOM,2016-11-02,16.0,1.11,1.28
QCOM,2016-07-20,12.0,0.97,1.16
QCOM,2016-04-20,16.0,0.96,1.04
QCOM,2016-01-27,16.0,0.91,0.97
QCOM,2015-11-04,16.0,0.86,0.91
QCOM,2015-07-22,16.0,0.95,0.99
QCOM,2015-04-22,16.0,1.33,1.4
QCOM,2015-01-28,16.0,1.25,1.34
QCOM,2014-11-05,16.0,1.31,1.26
QCOM,2014-07-23,16.0,1.21,1.44
GOOGL,2026-10-28,16.0,3.02,
GOOGL,2026-07-22,16.0,2.9,9.11
GOOGL,2026-04-29,16.0,2.63,5.11
GOOGL,2026-02-04,16.0,2.64,2.82
GOOGL,2025-10-29,16.0,2.26,2.87
GOOGL,2025-07-23,16.0,2.19,2.31
GOOGL,2025-04-24,16.0,2.01,2.81
GOOGL,2025-02-04,16.0,2.13,2.15
GOOGL,2024-10-29,16.0,1.85,2.12
GOOGL,2024-07-23,16.0,1.84,1.89
GOOGL,2024-04-25,16.0,1.51,1.89
GOOGL,2024-01-30,16.0,1.6,1.64
GOOGL,2023-10-24,16.0,1.45,1.55
GOOGL,2023-07-25,16.0,1.34,1.44
GOOGL,2023-04-25,16.0,1.07,1.17
GOOGL,2023-02-02,16.0,1.2,1.05
GOOGL,2022-10-25,16.0,1.26,1.06
GOOGL,2022-07-26,16.0,1.29,1.21
GOOGL,2022-04-26,16.0,1.28,1.23
GOOGL,2022-02-01,16.0,1.36,1.53
GOOGL,2021-10-26,16.0,1.16,1.4
GOOGL,2021-07-27,16.0,0.96,1.36
GOOGL,2021-04-27,16.0,0.78,1.31
GOOGL,2021-02-02,16.0,0.79,1.12
GOOGL,2020-10-29,16.0,0.56,0.82
GOOGL,2020-07-30,16.0,0.41,0.51
GOOGL,2020-04-28,16.0,0.54,0.49
GOOGL,2020-02-03,16.0,0.63,0.77
GOOGL,2019-10-28,16.0,0.62,0.51
GOOGL,2019-07-25,16.0,0.57,0.71
GOOGL,2019-04-29,16.0,0.52,0.6
GOOGL,2019-02-04,16.0,0.54,0.64
GOOGL,2018-10-25,16.0,0.52,0.65
GOOGL,2018-07-23,16.0,0.19,0.23
GOOGL,2018-04-23,16.0,0.46,0.47
GOOGL,2018-02-01,16.0,0.49,0.49
GOOGL,2017-10-26,16.0,0.42,0.48
GOOGL,2017-07-24,16.0,0.22,0.25
GOOGL,2017-04-27,16.0,0.47,0.5
GOOGL,2017-01-26,16.0,0.48,0.47
GOOGL,2016-10-27,16.0,0.34,0.36
GOOGL,2016-07-28,16.0,0.32,0.35
GOOGL,2016-04-21,16.0,0.4,0.38
GOOGL,2016-02-01,16.0,0.4,0.43
GOOGL,2015-10-22,16.0,0.36,0.37
GOOGL,2015-07-16,16.0,0.27,0.25
GOOGL,2015-04-23,16.0,0.27,0.26
GOOGL,2015-01-29,16.0,0.36,0.34
GOOGL,2014-10-16,16.0,0.33,0.32
GOOGL,2014-07-17,16.0,0.31,0.3
META,2026-10-28,16.0,6.38,
META,2026-07-29,16.0,7.22,6.18
META,2026-04-29,16.0,6.82,7.31
META,2026-01-28,16.0,8.22,8.88
META,2025-10-29,16.0,6.67,7.25
META,2025-07-30,16.0,5.86,7.14
META,2025-04-30,16.0,5.21,6.43
META,2025-01-29,16.0,6.74,8.02
META,2024-10-30,16.0,5.3,6.03
META,2024-07-31,16.0,4.76,5.16
META,2024-04-24,16.0,4.36,4.71
META,2024-02-01,16.0,4.94,5.33
META,2023-10-25,16.0,3.6,4.39
META,2023-07-26,16.0,2.91,2.98
META,2023-04-26,16.0,1.98,2.2
META,2023-02-01,16.0,2.24,1.76
META,2022-10-26,16.0,1.85,1.64
META,2022-07-27,16.0,2.55,2.46
META,2022-04-27,16.0,2.53,2.72
META,2022-02-02,16.0,3.83,3.67
META,2021-10-25,16.0,3.17,3.22
META,2021-07-28,16.0,3.06,3.61
META,2021-04-28,16.0,2.35,3.3
META,2021-01-27,16.0,3.24,3.88
META,2020-10-29,16.0,1.91,2.4
META,2020-07-30,16.0,1.4,1.8
META,2020-04-29,17.0,1.7,1.71
META,2020-01-29,16.0,2.53,2.56
META,2019-10-30,16.0,1.91,2.12
META,2019-07-24,16.0,1.88,1.99
META,2019-04-24,16.0,1.61,0.85
META,2019-01-30,16.0,2.18,2.38
META,2018-10-30,16.0,1.45,1.76
META,2018-07-25,16.0,1.7,1.74
META,2018-04-25,16.0,1.35,1.69
META,2018-01-31,16.0,1.97,2.21
META,2017-11-01,16.0,1.28,1.59
META,2017-07-26,16.0,1.12,1.32
META,2017-05-03,16.0,1.12,1.36
META,2017-02-01,16.0,1.31,1.41
META,2016-11-02,16.0,0.71,0.82
META,2016-07-27,16.0,0.82,0.97
META,2016-04-27,16.0,0.4,0.52
META,2016-01-27,16.0,0.42,0.54
META,2015-11-04,16.0,0.27,0.31
META,2015-07-29,16.0,0.47,0.5
META,2015-04-22,16.0,0.16,0.18
META,2015-01-28,16.0,0.49,0.54
META,2014-10-28,16.0,0.4,0.42
META,2014-07-23,16.0,0.24,0.3
NFLX,2026-10-20,16.0,0.82,
NFLX,2026-07-16,16.0,0.79,0.8
NFLX,2026-04-16,16.0,1.32,1.23
NFLX,2026-01-20,16.0,0.55,0.56
NFLX,2025-10-21,16.0,0.7,0.59
NFLX,2025-07-17,16.0,0.71,0.72
NFLX,2025-04-17,16.0,0.57,0.66
NFLX,2025-01-21,16.0,0.42,0.43
NFLX,2024-10-17,16.0,0.51,0.54
NFLX,2024-07-18,16.0,0.48,0.49
NFLX,2024-04-18,16.0,0.45,0.53
NFLX,2024-01-23,16.0,0.22,0.21
NFLX,2023-10-18,16.0,0.35,0.37
NFLX,2023-07-19,16.0,0.29,0.33
NFLX,2023-04-18,16.0,0.29,0.29
NFLX,2023-01-19,16.0,0.05,0.01
NFLX,2022-10-18,16.0,0.21,0.31
NFLX,2022-07-19,16.0,0.29,0.32
NFLX,2022-04-19,16.0,0.29,0.35
NFLX,2022-01-20,16.0,0.08,0.13
NFLX,2021-10-19,16.0,0.26,0.32
NFLX,2021-07-20,16.0,0.32,0.3
NFLX,2021-04-20,16.0,0.3,0.38
NFLX,2021-01-19,16.0,0.14,0.12
NFLX,2020-10-20,17.0,0.21,0.17
NFLX,2020-07-16,16.0,0.18,0.16
NFLX,2020-04-21,17.0,0.16,0.16
NFLX,2020-01-21,16.0,0.05,0.13
NFLX,2019-10-16,16.0,0.1,0.15
NFLX,2019-07-17,16.0,0.06,0.06
NFLX,2019-04-16,16.0,0.06,0.08
NFLX,2019-01-17,16.0,0.02,0.03
NFLX,2018-10-16,16.0,0.07,0.09
NFLX,2018-07-16,16.0,0.08,0.09
NFLX,2018-04-16,16.0,0.06,0.06
NFLX,2018-01-22,16.0,0.04,0.04
NFLX,2017-10-16,16.0,0.03,0.03
NFLX,2017-07-17,16.0,0.02,0.02
NFLX,2017-04-17,16.0,0.04,0.04
NFLX,2017-01-18,16.0,0.01,0.02
NFLX,2016-10-17,16.0,0.01,0.01
NFLX,2016-07-18,16.0,,0.01
NFLX,2016-04-18,16.0,,0.01
NFLX,2016-01-19,16.0,,0.01
NFLX,2015-10-14,16.0,0.01,0.01
NFLX,2015-07-15,16.0,,0.01
NFLX,2015-04-15,16.0,0.01,0.01
NFLX,2015-01-20,16.0,0.01,0.01
NFLX,2014-10-15,16.0,0.01,0.01
NFLX,2014-07-21,16.0,0.02,0.02
AMZN,2026-10-29,16.0,1.95,
AMZN,2026-07-30,16.0,1.83,5.75
AMZN,2026-04-29,16.0,1.64,2.78
AMZN,2026-02-05,16.0,1.95,1.95
AMZN,2025-10-30,16.0,1.56,1.95
AMZN,2025-07-31,16.0,1.32,1.68
AMZN,2025-05-01,16.0,1.36,1.59
AMZN,2025-02-06,16.0,1.48,1.86
AMZN,2024-10-31,16.0,1.14,1.43
AMZN,2024-08-01,12.0,1.02,1.26
AMZN,2024-04-30,16.0,0.83,0.98
AMZN,2024-02-01,16.0,0.8,1.0
AMZN,2023-10-26,16.0,0.58,0.94
AMZN,2023-08-03,16.0,0.34,0.65
AMZN,2023-04-27,16.0,0.21,0.31
AMZN,2023-02-02,16.0,0.17,0.03
AMZN,2022-10-27,16.0,0.21,0.28
AMZN,2022-07-28,16.0,0.12,-0.2
AMZN,2022-04-28,16.0,0.42,-0.38
AMZN,2022-02-03,16.0,0.18,1.39
AMZN,2021-10-28,16.0,0.44,0.31
AMZN,2021-07-29,16.0,0.61,0.76
AMZN,2021-04-29,16.0,0.47,0.79
AMZN,2021-02-02,16.0,0.35,0.7
AMZN,2020-10-29,16.0,0.38,0.62
AMZN,2020-07-30,16.0,0.08,0.52
AMZN,2020-04-30,17.0,0.31,0.25
AMZN,2020-01-30,16.0,0.2,0.32
AMZN,2019-10-24,16.0,0.22,0.21
AMZN,2019-07-25,16.0,0.28,0.26
AMZN,2019-04-25,16.0,0.23,0.35
AMZN,2019-01-31,16.0,0.28,0.3
AMZN,2018-10-25,16.0,0.15,0.29
AMZN,2018-07-26,16.0,0.13,0.25
AMZN,2018-04-26,16.0,0.06,0.16
AMZN,2018-02-01,16.0,0.09,0.11
AMZN,2017-10-26,16.0,,0.03
AMZN,2017-07-27,16.0,0.07,0.02
AMZN,2017-04-27,16.0,0.06,0.07
AMZN,2017-02-02,16.0,0.07,0.08
AMZN,2016-10-27,16.0,0.04,0.03
AMZN,2016-07-28,16.0,0.05,0.09
AMZN,2016-04-28,16.0,0.03,0.05
AMZN,2016-01-28,16.0,0.08,0.05
AMZN,2015-10-22,16.0,-0.01,0.01
AMZN,2015-07-23,16.0,-0.01,0.01
AMZN,2015-04-23,16.0,-0.01,-0.01
AMZN,2015-01-29,16.0,0.01,0.02
AMZN,2014-10-23,16.0,-0.04,-0.05
AMZN,2014-07-24,16.0,-0.01,-0.01
TSLA,2026-10-21,16.0,0.45,
TSLA,2026-07-22,16.0,0.54,0.33
TSLA,2026-04-22,16.0,0.35,0.41
TSLA,2026-01-28,16.0,0.45,0.5
TSLA,2025-10-22,16.0,0.56,0.5
TSLA,2025-07-23,16.0,0.4,0.4
TSLA,2025-04-22,16.0,0.41,0.27
TSLA,2025-01-29,16.0,0.77,0.73
TSLA,2024-10-23,16.0,0.6,0.72
TSLA,2024-07-23,20.0,0.62,0.52
TSLA,2024-04-23,16.0,0.49,0.45
TSLA,2024-01-24,16.0,0.74,0.71
TSLA,2023-10-18,16.0,0.73,0.66
TSLA,2023-07-19,16.0,0.82,0.91
TSLA,2023-04-19,16.0,0.85,0.85
TSLA,2023-01-25,16.0,1.11,1.19
TSLA,2022-10-19,17.0,1.0,1.05
TSLA,2022-07-20,17.0,0.6,0.76
TSLA,2022-04-20,16.0,0.75,1.07
TSLA,2022-01-26,16.0,0.79,0.85
TSLA,2021-10-20,15.0,0.54,0.62
TSLA,2021-07-26,16.0,0.32,0.48
TSLA,2021-04-26,16.0,0.26,0.31
TSLA,2021-01-27,16.0,0.35,0.27
TSLA,2020-10-21,18.0,0.2,0.25
TSLA,2020-07-22,16.0,-0.01,0.15
TSLA,2020-04-29,12.0,-0.01,0.08
TSLA,2020-01-29,16.0,0.12,0.14
TSLA,2019-10-23,16.0,-0.02,0.12
TSLA,2019-07-24,16.0,-0.03,-0.07
TSLA,2019-04-24,17.0,-0.06,-0.19
TSLA,2019-01-30,16.0,0.14,0.13
TSLA,2018-10-24,16.0,,0.19
TSLA,2018-08-01,16.0,-0.19,-0.2
TSLA,2018-05-02,16.0,-0.24,-0.22
TSLA,2018-02-07,16.0,-0.21,-0.2
TSLA,2017-11-01,16.0,-0.15,-0.19
TSLA,2017-08-02,16.0,-0.13,-0.09
TSLA,2017-05-03,16.0,-0.05,-0.09
TSLA,2017-02-22,16.0,-0.03,-0.05
TSLA,2016-10-26,16.0,,0.05
TSLA,2016-08-03,16.0,-0.04,-0.07
TSLA,2016-05-04,16.0,-0.04,-0.04
TSLA,2016-02-10,16.0,0.01,-0.06
TSLA,2015-11-03,16.0,-0.04,-0.04
TSLA,2015-08-05,16.0,-0.04,-0.03
TSLA,2015-05-06,16.0,-0.03,-0.02
TSLA,2015-02-11,17.0,0.02,-0.01
TSLA,2014-11-05,16.0,,
TSLA,2014-07-31,16.0,,0.01
HD,2026-11-17,7.0,3.83,
HD,2026-08-18,6.0,4.73,4.92
HD,2026-05-19,6.0,3.41,3.43
HD,2026-02-24,6.0,2.52,2.72
HD,2025-11-18,6.0,3.83,3.74
HD,2025-08-19,6.0,4.69,4.68
HD,2025-05-20,6.0,3.59,3.56
HD,2025-02-25,6.0,3.04,3.02
HD,2024-11-12,6.0,3.66,3.67
HD,2024-08-13,6.0,4.55,4.6
HD,2024-05-14,6.0,3.61,3.63
HD,2024-02-20,6.0,2.77,2.82
HD,2023-11-14,6.0,3.76,3.81
HD,2023-08-15,6.0,4.44,4.65
HD,2023-05-16,6.0,3.8,3.82
HD,2023-02-21,6.0,3.29,3.3
HD,2022-11-15,6.0,4.12,4.24
HD,2022-08-16,6.0,4.93,5.05
HD,2022-05-17,6.0,3.69,4.09
HD,2022-02-22,6.0,3.18,3.21
HD,2021-11-16,6.0,3.4,3.92
HD,2021-08-17,6.0,4.43,4.53
HD,2021-05-18,6.0,3.05,3.86
HD,2021-02-23,6.0,2.62,2.74
HD,2020-11-17,6.0,3.04,3.18
HD,2020-08-18,6.0,3.72,4.02
HD,2020-05-19,6.0,2.26,2.08
HD,2020-02-25,6.0,2.11,2.28
HD,2019-11-19,6.0,2.53,2.53
HD,2019-08-20,6.0,3.08,3.17
HD,2019-05-21,6.0,2.19,2.27
HD,2019-02-26,6.0,2.16,2.25
HD,2018-11-13,6.0,2.27,2.51
HD,2018-08-14,6.0,2.85,3.05
HD,2018-05-15,6.0,2.05,2.08
HD,2018-02-20,6.0,1.64,1.69
HD,2017-11-14,6.0,1.82,1.84
HD,2017-08-15,6.0,2.22,2.25
HD,2017-05-16,6.0,1.61,1.67
HD,2017-02-21,6.0,1.34,1.44
HD,2016-11-15,6.0,1.58,1.6
HD,2016-08-16,6.0,1.97,1.97
HD,2016-05-17,6.0,1.35,1.44
HD,2016-02-23,6.0,1.1,1.17
HD,2015-11-17,6.0,1.32,1.36
HD,2015-08-18,6.0,1.69,1.71
HD,2015-05-19,6.0,1.15,1.16
HD,2015-02-24,6.0,0.89,1.0
HD,2014-11-18,6.0,1.14,1.12
HD,2014-08-19,6.0,1.45,1.52
MCD,2026-11-05,7.0,3.4,
MCD,2026-08-04,7.0,3.32,3.38
MCD,2026-05-07,7.0,2.74,2.83
MCD,2026-02-11,16.0,3.05,3.12
MCD,2025-11-05,7.0,3.33,3.22
MCD,2025-08-06,7.0,3.15,3.19
MCD,2025-05-01,7.0,2.67,2.67
MCD,2025-02-10,7.0,2.86,2.83
MCD,2024-10-29,7.0,3.2,3.23
MCD,2024-07-29,7.0,3.07,2.97
MCD,2024-04-30,7.0,2.73,2.7
MCD,2024-02-05,7.0,2.83,2.95
MCD,2023-10-30,7.0,2.99,3.19
MCD,2023-07-27,7.0,2.79,3.17
MCD,2023-04-25,7.0,2.34,2.63
MCD,2023-01-31,7.0,2.46,2.59
MCD,2022-10-27,7.0,2.58,2.68
MCD,2022-07-26,7.0,2.47,2.55
MCD,2022-04-28,7.0,2.18,2.28
MCD,2022-01-27,7.0,2.34,2.23
MCD,2021-10-27,7.0,2.47,2.76
MCD,2021-07-28,7.0,2.12,2.37
MCD,2021-04-29,7.0,1.82,1.92
MCD,2021-01-28,7.0,1.78,1.7
MCD,2020-11-09,6.0,1.9,2.22
MCD,2020-07-28,6.0,0.75,0.66
MCD,2020-04-30,7.0,1.54,1.47
MCD,2020-01-29,6.0,1.97,1.97
MCD,2019-10-22,7.0,2.21,2.11
MCD,2019-07-26,7.0,2.05,2.05
MCD,2019-04-30,7.0,1.76,1.72
MCD,2019-01-30,7.0,1.89,1.97
MCD,2018-10-23,7.0,1.99,2.1
MCD,2018-07-26,7.0,1.93,1.99
MCD,2018-04-30,7.0,1.67,1.79
MCD,2018-01-30,7.0,1.59,1.71
MCD,2017-10-24,7.0,1.77,1.76
MCD,2017-07-25,7.0,1.62,1.73
MCD,2017-04-25,7.0,1.33,1.47
MCD,2017-01-23,7.0,1.41,1.43
MCD,2016-10-21,7.0,1.48,1.62
MCD,2016-07-26,7.0,1.38,1.45
MCD,2016-04-22,7.0,1.16,1.23
MCD,2016-01-25,7.0,1.23,1.28
MCD,2015-10-22,7.0,1.28,1.4
MCD,2015-07-23,7.0,1.23,1.29
MCD,2015-04-22,7.0,1.06,1.01
MCD,2015-01-23,7.0,1.22,1.17
MCD,2014-10-21,7.0,1.37,1.35
MCD,2014-07-22,7.0,1.44,1.4
NKE,2026-10-01,16.0,0.44,
NKE,2026-06-30,16.0,0.13,0.72
NKE,2026-03-31,16.0,0.28,0.35
NKE,2025-12-18,16.0,0.38,0.53
NKE,2025-09-30,16.0,0.27,0.49
NKE,2025-06-26,16.0,0.12,0.14
NKE,2025-03-20,16.0,0.29,0.54
NKE,2024-12-19,16.0,0.63,0.78
NKE,2024-10-01,16.0,0.52,0.7
NKE,2024-06-27,16.0,0.83,0.99
NKE,2024-03-21,16.0,0.76,0.98
NKE,2023-12-21,16.0,0.85,1.03
NKE,2023-09-28,16.0,0.76,0.94
NKE,2023-06-29,16.0,0.68,0.66
NKE,2023-03-21,16.0,0.54,0.79
NKE,2022-12-20,16.0,0.66,0.85
NKE,2022-09-29,16.0,0.92,0.93
NKE,2022-06-27,16.0,0.81,0.9
NKE,2022-03-21,16.0,0.72,0.87
NKE,2021-12-20,16.0,0.63,0.83
NKE,2021-09-23,16.0,1.12,1.16
NKE,2021-06-24,16.0,0.51,0.93
NKE,2021-03-18,16.0,0.75,0.9
NKE,2020-12-18,16.0,0.62,0.78
NKE,2020-09-22,16.0,0.48,0.95
NKE,2020-06-25,16.0,0.04,-0.51
NKE,2020-03-24,16.0,0.56,0.78
NKE,2019-12-19,16.0,0.58,0.7
NKE,2019-09-24,16.0,0.71,0.86
NKE,2019-06-27,16.0,0.66,0.62
NKE,2019-03-21,16.0,0.65,0.68
NKE,2018-12-20,16.0,0.46,0.52
NKE,2018-09-25,16.0,0.63,0.67
NKE,2018-06-28,16.0,0.64,0.69
NKE,2018-03-22,16.0,0.53,0.68
NKE,2017-12-21,16.0,0.4,0.46
NKE,2017-09-26,16.0,0.48,0.57
NKE,2017-06-29,16.0,0.49,0.6
NKE,2017-03-21,16.0,0.52,0.68
NKE,2016-12-20,16.0,0.43,0.5
NKE,2016-09-27,16.0,0.56,0.73
NKE,2016-06-28,16.0,0.48,0.49
NKE,2016-03-22,16.0,0.48,0.55
NKE,2015-12-22,16.0,0.43,0.45
NKE,2015-09-24,16.0,0.6,0.67
NKE,2015-06-25,16.0,0.42,0.49
NKE,2015-03-19,16.0,0.42,0.45
NKE,2014-12-18,16.0,0.35,0.37
NKE,2014-09-25,16.0,0.44,0.55
NKE,2014-06-26,16.0,0.38,0.39
WMT,2026-11-19,7.0,0.64,
WMT,2026-08-20,6.0,0.74,0.81
WMT,2026-05-21,6.0,0.66,0.66
WMT,2026-02-19,6.0,0.73,0.74
WMT,2025-11-20,6.0,0.6,0.62
WMT,2025-08-21,6.0,0.74,0.68
WMT,2025-05-15,6.0,0.58,0.61
WMT,2025-02-20,6.0,0.65,0.66
WMT,2024-11-19,6.0,0.53,0.58
WMT,2024-08-15,6.0,0.65,0.67
WMT,2024-05-16,6.0,0.52,0.6
WMT,2024-02-20,6.0,0.55,0.6
WMT,2023-11-16,6.0,0.51,0.51
WMT,2023-08-17,6.0,0.57,0.61
WMT,2023-05-18,7.0,0.44,0.49
WMT,2023-02-21,7.0,0.5,0.57
WMT,2022-11-15,7.0,0.44,0.5
WMT,2022-08-16,7.0,0.54,0.59
WMT,2022-05-17,6.0,0.49,0.43
WMT,2022-02-17,7.0,0.5,0.51
WMT,2021-11-16,7.0,0.46,0.48
WMT,2021-08-17,7.0,0.52,0.59
WMT,2021-05-18,6.0,0.4,0.56
WMT,2021-02-18,6.0,0.5,0.46
WMT,2020-11-17,7.0,0.4,0.45
WMT,2020-08-18,6.0,0.42,0.52
WMT,2020-05-19,7.0,0.36,0.39
WMT,2020-02-18,6.0,0.48,0.46
WMT,2019-11-14,7.0,0.36,0.39
WMT,2019-08-15,7.0,0.41,0.42
WMT,2019-05-16,7.0,0.34,0.38
WMT,2019-02-19,7.0,0.44,0.47
WMT,2018-11-15,7.0,0.34,0.36
WMT,2018-08-16,7.0,0.41,0.43
WMT,2018-05-17,7.0,0.37,0.38
WMT,2018-02-20,6.0,0.46,0.44
WMT,2017-11-16,7.0,0.32,0.33
WMT,2017-08-17,6.0,0.36,0.36
WMT,2017-05-18,7.0,0.32,0.33
WMT,2017-02-21,7.0,0.43,0.43
WMT,2016-11-17,7.0,0.32,0.33
WMT,2016-08-18,7.0,0.34,0.36
WMT,2016-05-19,7.0,0.29,0.33
WMT,2016-02-18,7.0,0.49,0.5
WMT,2015-11-17,7.0,0.33,0.33
WMT,2015-08-18,7.0,0.37,0.36
WMT,2015-05-19,7.0,0.35,0.34
WMT,2015-02-19,8.0,0.51,0.54
WMT,2014-11-13,7.0,0.37,0.38
WMT,2014-08-14,7.0,0.4,0.4
PG,2026-10-22,8.0,1.89,
PG,2026-07-29,7.0,1.41,1.43
PG,2026-04-24,7.0,1.56,1.59
PG,2026-01-22,7.0,1.86,1.88
PG,2025-10-24,7.0,1.9,1.99
PG,2025-07-29,7.0,1.42,1.48
PG,2025-04-24,7.0,1.53,1.54
PG,2025-01-22,7.0,1.86,1.88
PG,2024-10-18,6.0,1.9,1.93
PG,2024-07-30,7.0,1.37,1.4
PG,2024-04-19,6.0,1.41,1.52
PG,2024-01-23,6.0,1.7,1.84
PG,2023-10-18,6.0,1.72,1.83
PG,2023-07-28,6.0,1.32,1.37
PG,2023-04-21,6.0,1.32,1.37
PG,2023-01-19,7.0,1.59,1.59
PG,2022-10-19,7.0,1.55,1.57
PG,2022-07-29,6.0,1.23,1.21
PG,2022-04-20,6.0,1.29,1.33
PG,2022-01-19,6.0,1.65,1.66
PG,2021-10-19,7.0,1.59,1.61
PG,2021-07-30,6.0,1.09,1.13
PG,2021-04-20,7.0,1.19,1.26
PG,2021-01-20,7.0,1.51,1.64
PG,2020-10-20,7.0,1.42,1.63
PG,2020-07-30,7.0,1.01,1.16
PG,2020-04-17,8.0,1.13,1.17
PG,2020-01-23,7.0,1.37,1.42
PG,2019-10-22,6.0,1.24,1.37
PG,2019-07-30,6.0,1.05,1.1
PG,2019-04-23,7.0,1.04,1.06
PG,2019-01-23,7.0,1.21,1.25
PG,2018-10-19,7.0,1.09,1.12
PG,2018-07-31,7.0,0.9,0.94
PG,2018-04-19,7.0,0.98,1.0
PG,2018-01-23,7.0,1.14,1.19
PG,2017-10-20,7.0,1.08,1.09
PG,2017-07-27,7.0,0.78,0.85
PG,2017-04-26,7.0,0.94,0.96
PG,2017-01-20,7.0,1.06,1.08
PG,2016-10-25,7.0,0.98,1.03
PG,2016-08-02,7.0,0.74,0.79
PG,2016-04-26,7.0,0.82,0.86
PG,2016-01-26,7.0,0.97,1.04
PG,2015-10-23,7.0,0.94,0.98
PG,2015-07-30,7.0,0.95,1.0
PG,2015-04-23,6.0,0.92,0.92
PG,2015-01-27,7.0,1.13,1.06
PG,2014-10-24,7.0,1.07,1.07
PG,2014-08-01,7.0,0.91,0.95
KO,2026-10-20,8.0,0.88,
KO,2026-07-28,6.0,0.93,0.97
KO,2026-04-28,7.0,0.81,0.86
KO,2026-02-10,6.0,0.56,0.58
KO,2025-10-21,6.0,0.78,0.82
KO,2025-07-22,7.0,0.84,0.87
KO,2025-04-29,6.0,0.72,0.73
KO,2025-02-11,6.0,0.52,0.55
KO,2024-10-23,6.0,0.75,0.77
KO,2024-07-23,6.0,0.81,0.84
KO,2024-04-30,6.0,0.7,0.72
KO,2024-02-13,6.0,0.49,0.49
KO,2023-10-24,6.0,0.69,0.74
KO,2023-07-26,6.0,0.72,0.78
KO,2023-04-24,6.0,0.65,0.68
KO,2023-02-14,6.0,0.45,0.45
KO,2022-10-25,6.0,0.64,0.69
KO,2022-07-26,7.0,0.67,0.7
KO,2022-04-25,6.0,0.58,0.64
KO,2022-02-10,6.0,0.41,0.45
KO,2021-10-27,6.0,0.58,0.65
KO,2021-07-21,7.0,0.56,0.68
KO,2021-04-19,7.0,0.5,0.55
KO,2021-02-10,6.0,0.42,0.47
KO,2020-10-22,6.0,0.46,0.55
KO,2020-07-21,6.0,0.41,0.42
KO,2020-04-21,6.0,0.44,0.51
KO,2020-01-30,6.0,0.44,0.44
KO,2019-10-18,6.0,0.56,0.56
KO,2019-07-23,6.0,0.61,0.63
KO,2019-04-23,7.0,0.46,0.48
KO,2019-02-14,7.0,0.43,0.43
KO,2018-10-30,7.0,0.55,0.58
KO,2018-07-25,7.0,0.6,0.61
KO,2018-04-24,7.0,0.46,0.47
KO,2018-02-16,7.0,0.38,0.39
KO,2017-10-25,6.0,0.49,0.5
KO,2017-07-26,6.0,0.57,0.59
KO,2017-04-25,6.0,0.44,0.43
KO,2017-02-09,7.0,0.37,0.37
KO,2016-10-26,6.0,0.48,0.49
KO,2016-07-27,6.0,0.58,0.6
KO,2016-04-20,6.0,0.44,0.45
KO,2016-02-09,6.0,0.37,0.38
KO,2015-10-21,7.0,0.5,0.51
KO,2015-07-22,7.0,0.6,0.63
KO,2015-04-22,7.0,0.42,0.48
KO,2015-02-10,7.0,0.42,0.44
KO,2014-10-21,7.0,0.53,0.53
KO,2014-07-22,7.0,0.63,0.64
COST,2026-09-24,16.0,6.53,
COST,2026-05-28,16.0,4.97,4.93
COST,2026-03-05,16.0,4.55,4.58
COST,2025-12-11,16.0,4.27,4.5
COST,2025-09-25,16.0,5.8,5.87
COST,2025-05-29,16.0,4.23,4.28
COST,2025-03-06,16.0,4.1,4.02
COST,2024-12-12,16.0,3.8,4.04
COST,2024-09-26,16.0,5.08,5.15
COST,2024-06-06,6.0,3.76,3.78
COST,2024-03-07,16.0,3.64,3.71
COST,2023-12-14,16.0,3.42,3.58
COST,2023-09-26,16.0,4.78,4.86
COST,2023-06-01,6.0,3.43,2.93
COST,2023-03-02,16.0,3.23,3.3
COST,2022-12-08,16.0,3.16,3.1
COST,2022-09-22,16.0,4.2,4.2
COST,2022-05-26,16.0,3.02,3.17
COST,2022-03-03,16.0,2.79,2.92
COST,2021-12-09,16.0,2.65,2.98
COST,2021-09-23,16.0,3.58,3.76
COST,2021-05-27,16.0,2.28,2.75
COST,2021-03-04,16.0,2.43,2.14
COST,2020-12-10,16.0,2.04,2.29
COST,2020-09-24,16.0,2.81,3.13
COST,2020-05-28,16.0,1.89,1.89
COST,2020-03-05,16.0,2.06,2.1
COST,2019-12-12,16.0,1.71,1.9
COST,2019-10-03,16.0,2.55,2.69
COST,2019-05-30,16.0,1.81,2.05
COST,2019-03-07,16.0,1.69,2.01
COST,2018-12-13,16.0,1.62,1.61
COST,2018-10-04,16.0,2.34,2.36
COST,2018-05-31,16.0,1.7,1.7
COST,2018-03-07,16.0,1.51,1.59
COST,2017-12-14,16.0,1.35,1.36
COST,2017-10-05,16.0,2.02,2.08
COST,2017-05-25,16.0,1.3,1.59
COST,2017-03-02,16.0,1.36,1.17
COST,2016-12-07,16.0,1.19,1.24
COST,2016-09-29,16.0,1.73,1.77
COST,2016-05-25,21.0,1.22,1.24
COST,2016-03-02,21.0,1.28,1.24
COST,2015-12-08,21.0,1.17,1.09
COST,2015-09-29,21.0,1.66,1.73
COST,2015-05-27,21.0,1.15,1.17
COST,2015-03-05,3.0,1.18,1.35
COST,2014-12-10,3.0,1.09,1.12
COST,2014-10-08,3.0,1.52,1.58
COST,2014-05-29,3.0,1.09,1.07
UNH,2026-10-13,8.0,4.15,
UNH,2026-07-16,6.0,4.92,6.38
UNH,2026-04-21,6.0,6.6,7.23
UNH,2026-01-27,5.0,2.11,2.11
UNH,2025-10-28,5.0,2.81,2.92
UNH,2025-07-29,5.0,4.45,4.08
UNH,2025-04-17,5.0,7.29,7.2
UNH,2025-01-16,6.0,6.74,6.81
UNH,2024-10-15,6.0,7.03,7.15
UNH,2024-07-16,6.0,6.63,6.8
UNH,2024-04-16,5.0,6.62,6.91
UNH,2024-01-12,5.0,5.99,6.16
UNH,2023-10-13,5.0,6.35,6.56
UNH,2023-07-14,5.0,5.98,6.14
UNH,2023-04-14,5.0,6.08,6.26
UNH,2023-01-13,5.0,5.17,5.34
UNH,2022-10-14,5.0,5.44,5.79
UNH,2022-07-15,5.0,5.21,5.57
UNH,2022-04-14,5.0,5.35,5.49
UNH,2022-01-19,5.0,4.31,4.48
UNH,2021-10-14,5.0,4.42,4.52
UNH,2021-07-15,5.0,4.46,4.7
UNH,2021-04-15,5.0,4.38,5.31
UNH,2021-01-20,5.0,2.41,2.52
UNH,2020-10-14,5.0,3.08,3.51
UNH,2020-07-15,5.0,5.24,7.12
UNH,2020-04-15,6.0,3.65,3.72
UNH,2020-01-15,5.0,3.78,3.9
UNH,2019-10-15,5.0,3.76,3.88
UNH,2019-07-18,5.0,3.46,3.6
UNH,2019-04-16,5.0,3.6,3.73
UNH,2019-01-15,5.0,3.22,3.28
UNH,2018-10-16,5.0,3.3,3.41
UNH,2018-07-17,5.0,3.04,3.14
UNH,2018-04-17,5.0,2.91,3.04
UNH,2018-01-16,5.0,2.52,2.59
UNH,2017-10-17,5.0,2.57,2.66
UNH,2017-07-18,5.0,2.38,2.46
UNH,2017-04-18,5.0,2.17,2.37
UNH,2017-01-17,5.0,2.07,2.11
UNH,2016-10-18,5.0,2.08,2.17
UNH,2016-07-19,5.0,1.89,1.96
UNH,2016-04-19,5.0,1.72,1.81
UNH,2016-01-19,5.0,1.37,1.4
UNH,2015-10-15,5.0,1.64,1.65
UNH,2015-07-16,6.0,1.58,1.64
UNH,2015-04-16,6.0,1.34,1.46
UNH,2015-01-21,6.0,1.5,1.55
UNH,2014-10-16,6.0,1.52,1.63
UNH,2014-07-17,6.0,1.25,1.42
JNJ,2026-10-13,8.0,2.45,
JNJ,2026-07-15,6.0,2.85,2.9
JNJ,2026-04-14,6.0,2.68,2.7
JNJ,2026-01-21,6.0,2.46,2.46
JNJ,2025-10-14,6.0,2.76,2.8
JNJ,2025-07-16,6.0,2.68,2.77
JNJ,2025-04-15,6.0,2.58,2.77
JNJ,2025-01-22,6.0,2.01,2.04
JNJ,2024-10-15,6.0,2.21,2.42
JNJ,2024-07-17,6.0,2.7,2.82
JNJ,2024-04-16,6.0,2.65,2.71
JNJ,2024-01-23,6.0,2.28,2.29
JNJ,2023-10-17,6.0,2.52,2.66
JNJ,2023-07-20,6.0,2.62,2.8
JNJ,2023-04-18,6.0,2.5,2.68
JNJ,2023-01-24,6.0,2.24,2.35
JNJ,2022-10-18,6.0,2.49,2.55
JNJ,2022-07-19,6.0,2.55,2.59
JNJ,2022-04-19,6.0,2.57,2.67
JNJ,2022-01-25,6.0,2.12,2.13
JNJ,2021-10-19,6.0,2.35,2.6
JNJ,2021-07-21,6.0,2.28,2.48
JNJ,2021-04-20,6.0,2.35,2.59
JNJ,2021-01-26,6.0,1.83,1.86
JNJ,2020-10-13,6.0,1.98,2.2
JNJ,2020-07-16,6.0,1.51,1.67
JNJ,2020-04-14,7.0,2.0,2.3
JNJ,2020-01-22,6.0,1.87,1.88
JNJ,2019-10-15,6.0,2.01,2.12
JNJ,2019-07-16,6.0,2.44,2.58
JNJ,2019-04-16,6.0,2.04,2.1
JNJ,2019-01-22,6.0,1.95,1.97
JNJ,2018-10-16,6.0,2.03,2.05
JNJ,2018-07-17,6.0,2.07,2.1
JNJ,2018-04-17,6.0,2.0,2.06
JNJ,2018-01-23,6.0,1.72,1.74
JNJ,2017-10-17,6.0,1.8,1.9
JNJ,2017-07-18,6.0,1.79,1.83
JNJ,2017-04-18,6.0,1.77,1.83
JNJ,2017-01-24,6.0,1.56,1.58
JNJ,2016-10-18,6.0,1.66,1.68
JNJ,2016-07-19,6.0,1.68,1.74
JNJ,2016-04-19,6.0,1.65,1.68
JNJ,2016-01-26,6.0,1.42,1.44
JNJ,2015-10-13,7.0,1.45,1.49
JNJ,2015-07-14,7.0,1.68,1.71
JNJ,2015-04-14,7.0,1.54,1.56
JNJ,2015-01-20,7.0,1.26,1.27
JNJ,2014-10-14,7.0,1.45,1.5
JNJ,2014-07-15,7.0,1.55,1.66
LLY,2026-10-29,8.0,9.93,
LLY,2026-08-05,6.0,6.58,8.38
LLY,2026-04-30,6.0,6.79,8.55
LLY,2026-02-04,6.0,6.91,7.54
LLY,2025-10-30,6.0,5.89,7.02
LLY,2025-08-07,6.0,5.59,6.31
LLY,2025-05-01,6.0,3.46,3.34
LLY,2025-02-06,6.0,5.07,5.32
LLY,2024-10-30,6.0,1.47,1.18
LLY,2024-08-08,7.0,2.77,3.92
LLY,2024-04-30,6.0,2.49,2.58
LLY,2024-02-06,6.0,2.37,2.49
LLY,2023-11-02,6.0,-0.12,0.1
LLY,2023-08-08,6.0,1.99,2.11
LLY,2023-04-27,6.0,1.73,1.62
LLY,2023-02-02,6.0,1.83,2.09
LLY,2022-11-01,6.0,1.94,1.98
LLY,2022-08-04,6.0,1.7,1.25
LLY,2022-04-28,6.0,2.29,2.62
LLY,2022-02-03,6.0,2.51,2.49
LLY,2021-10-26,6.0,1.96,1.94
LLY,2021-08-03,6.0,1.89,1.87
LLY,2021-04-27,6.0,2.1,1.87
LLY,2021-01-29,6.0,2.39,2.75
LLY,2020-10-27,6.0,1.71,1.54
LLY,2020-07-30,6.0,1.6,1.89
LLY,2020-04-23,6.0,1.48,1.75
LLY,2020-01-30,6.0,1.52,1.73
LLY,2019-10-23,6.0,1.41,1.48
LLY,2019-07-30,6.0,1.45,1.5
LLY,2019-04-30,6.0,1.33,1.33
LLY,2019-02-06,6.0,1.33,1.33
LLY,2018-11-06,6.0,1.35,1.39
LLY,2018-07-24,6.0,1.3,1.5
LLY,2018-04-24,6.0,1.13,1.34
LLY,2018-01-31,6.0,1.07,1.14
LLY,2017-10-24,6.0,1.03,1.05
LLY,2017-07-25,6.0,1.05,1.11
LLY,2017-04-25,6.0,0.96,0.98
LLY,2017-01-31,6.0,0.98,0.95
LLY,2016-10-25,6.0,0.96,0.88
LLY,2016-07-26,6.0,0.86,0.86
LLY,2016-04-26,6.0,0.85,0.83
LLY,2016-01-28,6.0,0.78,0.78
LLY,2015-10-22,6.0,0.76,0.89
LLY,2015-07-23,6.0,0.74,0.9
LLY,2015-04-23,6.0,0.74,0.87
LLY,2015-01-30,6.0,0.73,0.75
LLY,2014-10-23,6.0,0.67,0.66
LLY,2014-07-24,6.0,0.65,0.68
PFE,2026-11-03,7.0,0.76,
PFE,2026-08-04,6.0,0.68,0.77
PFE,2026-05-05,6.0,0.72,0.75
PFE,2026-02-03,6.0,0.57,0.66
PFE,2025-11-04,7.0,0.63,0.87
PFE,2025-08-05,6.0,0.57,0.78
PFE,2025-04-29,6.0,0.67,0.92
PFE,2025-02-04,6.0,0.46,0.63
PFE,2024-10-29,6.0,0.61,1.06
PFE,2024-07-30,8.0,0.46,0.6
PFE,2024-05-01,6.0,0.51,0.82
PFE,2024-01-30,6.0,-0.18,0.1
PFE,2023-10-31,6.0,-0.34,-0.17
PFE,2023-08-01,6.0,0.58,0.67
PFE,2023-05-02,6.0,0.99,1.23
PFE,2023-01-31,6.0,1.04,1.14
PFE,2022-11-01,6.0,1.4,1.78
PFE,2022-07-28,6.0,1.78,2.04
PFE,2022-05-03,6.0,1.57,1.62
PFE,2022-02-08,6.0,0.87,1.08
PFE,2021-11-02,6.0,1.09,1.34
PFE,2021-07-28,6.0,0.98,1.07
PFE,2021-05-04,6.0,0.78,0.93
PFE,2021-02-02,6.0,0.46,0.42
PFE,2020-10-27,6.0,0.71,0.72
PFE,2020-07-28,6.0,0.66,0.78
PFE,2020-04-28,6.0,0.73,0.8
PFE,2020-01-28,6.0,0.58,0.55
PFE,2019-10-29,6.0,0.62,0.75
PFE,2019-07-29,6.0,0.75,0.8
PFE,2019-04-30,6.0,0.75,0.85
PFE,2019-01-29,6.0,0.63,0.64
PFE,2018-10-30,6.0,0.75,0.78
PFE,2018-07-31,6.0,0.74,0.81
PFE,2018-05-01,6.0,0.74,0.77
PFE,2018-01-30,6.0,0.56,0.62
PFE,2017-10-31,6.0,0.65,0.67
PFE,2017-08-01,6.0,0.66,0.67
PFE,2017-05-02,6.0,0.67,0.69
PFE,2017-01-31,6.0,0.51,0.47
PFE,2016-11-01,6.0,0.62,0.61
PFE,2016-08-02,6.0,0.62,0.64
PFE,2016-05-03,5.0,0.55,0.67
PFE,2016-02-02,6.0,0.52,0.53
PFE,2015-10-27,6.0,0.51,0.6
PFE,2015-07-28,7.0,0.52,0.56
PFE,2015-04-28,7.0,0.49,0.51
PFE,2015-01-27,7.0,0.53,0.54
PFE,2014-10-28,7.0,0.55,0.57
PFE,2014-07-29,7.0,0.57,0.58
MRK,2026-10-29,8.0,2.21,
MRK,2026-08-04,6.0,-0.26,-0.13
MRK,2026-04-30,6.0,-1.47,-1.28
MRK,2026-02-03,6.0,2.01,2.04
MRK,2025-10-30,6.0,2.35,2.58
MRK,2025-07-29,6.0,2.03,2.13
MRK,2025-04-24,6.0,2.14,2.22
MRK,2025-02-04,6.0,1.67,1.72
MRK,2024-10-31,6.0,1.57,1.57
MRK,2024-07-30,6.0,2.14,2.28
MRK,2024-04-25,6.0,1.92,2.07
MRK,2024-02-01,6.0,-0.11,0.03
MRK,2023-10-26,6.0,1.95,2.13
MRK,2023-08-01,6.0,-2.18,-2.06
MRK,2023-04-27,6.0,1.34,1.4
MRK,2023-02-02,6.0,1.54,1.62
MRK,2022-10-27,6.0,1.71,1.85
MRK,2022-07-28,6.0,1.71,1.87
MRK,2022-04-28,6.0,1.83,2.14
MRK,2022-02-03,6.0,1.52,1.8
MRK,2021-10-28,6.0,1.55,1.75
MRK,2021-07-29,6.0,1.35,1.31
MRK,2021-04-29,6.0,1.61,1.4
MRK,2021-02-04,6.0,1.39,1.32
MRK,2020-10-27,6.0,1.43,1.74
MRK,2020-07-31,6.0,1.09,1.37
MRK,2020-04-28,7.0,1.34,1.5
MRK,2020-02-05,6.0,1.15,1.16
MRK,2019-10-29,6.0,1.24,1.51
MRK,2019-07-30,6.0,1.16,1.3
MRK,2019-04-30,6.0,1.05,1.22
MRK,2019-02-01,6.0,1.03,1.04
MRK,2018-10-25,6.0,1.14,1.19
MRK,2018-07-27,6.0,1.03,1.06
MRK,2018-05-01,6.0,1.0,1.05
MRK,2018-02-02,6.0,0.94,0.98
MRK,2017-10-27,6.0,1.03,1.11
MRK,2017-07-28,6.0,0.87,1.01
MRK,2017-05-02,6.0,0.83,0.88
MRK,2017-02-02,6.0,0.89,0.89
MRK,2016-10-25,6.0,0.99,1.07
MRK,2016-07-29,6.0,0.91,0.93
MRK,2016-05-05,6.0,0.85,0.89
MRK,2016-02-03,6.0,0.91,0.93
MRK,2015-10-27,6.0,0.92,0.96
MRK,2015-07-28,7.0,0.81,0.86
MRK,2015-04-28,7.0,0.75,0.85
MRK,2015-02-04,7.0,0.86,0.87
MRK,2014-10-27,7.0,0.88,0.9
MRK,2014-07-29,6.0,0.81,0.85
ABBV,2026-10-29,8.0,3.84,
ABBV,2026-07-31,7.0,3.61,3.65
ABBV,2026-04-29,7.0,2.67,2.65
ABBV,2026-02-04,7.0,2.65,2.71
ABBV,2025-10-31,7.0,1.78,1.86
ABBV,2025-07-31,7.0,2.91,2.97
ABBV,2025-04-25,7.0,2.4,2.46
ABBV,2025-01-31,7.0,2.12,2.16
ABBV,2024-10-30,7.0,2.92,3.0
ABBV,2024-07-25,7.0,2.66,2.65
ABBV,2024-04-26,7.0,2.26,2.31
ABBV,2024-02-02,7.0,2.8,2.79
ABBV,2023-10-27,7.0,2.87,2.95
ABBV,2023-07-27,7.0,2.81,2.91
ABBV,2023-04-27,7.0,2.49,2.46
ABBV,2023-02-09,7.0,3.58,3.6
ABBV,2022-10-28,7.0,3.57,3.66
ABBV,2022-07-29,7.0,3.31,3.37
ABBV,2022-04-29,7.0,3.14,3.16
ABBV,2022-02-02,7.0,3.28,3.31
ABBV,2021-10-29,7.0,3.22,3.33
ABBV,2021-07-30,7.0,3.03,3.11
ABBV,2021-04-30,7.0,2.83,2.95
ABBV,2021-02-03,7.0,2.85,2.92
ABBV,2020-10-30,7.0,2.77,2.83
ABBV,2020-07-31,7.0,2.2,2.34
ABBV,2020-05-01,8.0,2.25,2.42
ABBV,2020-02-07,7.0,2.19,2.21
ABBV,2019-11-01,7.0,2.3,2.33
ABBV,2019-07-26,7.0,2.21,2.26
ABBV,2019-04-25,7.0,2.07,2.14
ABBV,2019-01-25,7.0,1.93,1.9
ABBV,2018-11-02,7.0,2.0,2.14
ABBV,2018-07-27,7.0,1.97,2.0
ABBV,2018-04-26,7.0,1.79,1.87
ABBV,2018-01-26,7.0,1.43,1.48
ABBV,2017-10-27,7.0,1.39,1.41
ABBV,2017-07-28,7.0,1.4,1.42
ABBV,2017-04-27,7.0,1.26,1.28
ABBV,2017-01-27,7.0,1.2,1.2
ABBV,2016-10-28,7.0,1.2,1.21
ABBV,2016-07-29,7.0,1.2,1.26
ABBV,2016-04-28,7.0,1.14,1.15
ABBV,2016-01-29,7.0,1.12,1.13
ABBV,2015-10-30,6.0,1.08,1.13
ABBV,2015-07-24,7.0,1.06,1.08
ABBV,2015-04-23,7.0,0.85,0.94
ABBV,2015-01-30,7.0,0.86,0.89
ABBV,2014-10-31,7.0,0.77,0.89
ABBV,2014-07-25,7.0,0.76,0.82
JPM,2026-10-13,8.0,5.89,
JPM,2026-07-14,6.0,5.8,6.14
JPM,2026-04-14,6.0,5.51,5.94
JPM,2026-01-13,6.0,4.82,4.63
JPM,2025-10-14,6.0,4.87,5.07
JPM,2025-07-15,6.0,4.48,4.96
JPM,2025-04-11,6.0,4.64,5.07
JPM,2025-01-15,6.0,4.04,4.81
JPM,2024-10-11,6.0,3.99,4.37
JPM,2024-07-12,6.0,5.09,6.12
JPM,2024-04-12,6.0,4.13,4.44
JPM,2024-01-12,6.0,3.6,3.04
JPM,2023-10-13,6.0,3.97,4.33
JPM,2023-07-14,6.0,3.76,4.75
JPM,2023-04-14,6.0,3.37,4.1
JPM,2023-01-13,6.0,3.1,3.57
JPM,2022-10-14,6.0,2.85,3.12
JPM,2022-07-14,6.0,2.9,2.76
JPM,2022-04-13,6.0,2.71,2.63
JPM,2022-01-14,6.0,3.03,3.33
JPM,2021-10-13,6.0,3.0,3.55
JPM,2021-07-13,6.0,3.17,3.78
JPM,2021-04-14,6.0,3.06,4.59
JPM,2021-01-15,6.0,2.65,3.07
JPM,2020-10-13,6.0,2.24,3.09
JPM,2020-07-14,6.0,1.21,1.08
JPM,2020-04-14,6.0,2.2,2.89
JPM,2020-01-14,6.0,2.36,2.57
JPM,2019-10-15,6.0,2.45,2.68
JPM,2019-07-16,6.0,2.49,2.82
JPM,2019-04-12,6.0,2.35,2.65
JPM,2019-01-15,6.0,2.19,1.98
JPM,2018-10-12,6.0,2.26,2.34
JPM,2018-07-13,6.0,2.22,2.29
JPM,2018-04-13,6.0,2.29,2.26
JPM,2018-01-12,6.0,1.69,1.76
JPM,2017-10-12,6.0,1.66,1.76
JPM,2017-07-14,6.0,1.59,1.71
JPM,2017-04-13,6.0,1.51,1.65
JPM,2017-01-13,7.0,1.42,1.58
JPM,2016-10-14,2.0,1.39,1.58
JPM,2016-07-14,6.0,1.43,1.55
JPM,2016-04-13,6.0,1.26,1.35
JPM,2016-01-14,6.0,1.26,1.32
JPM,2015-10-13,16.0,1.37,1.32
JPM,2015-07-14,7.0,1.44,1.54
JPM,2015-04-14,7.0,1.41,1.45
JPM,2015-01-14,6.0,1.32,1.19
JPM,2014-10-14,6.0,1.38,1.62
JPM,2014-07-15,6.0,1.3,1.46
BAC,2026-10-14,8.0,1.18,
BAC,2026-07-14,6.0,1.12,1.21
BAC,2026-04-15,6.0,1.02,1.11
BAC,2026-01-14,6.0,0.96,0.98
BAC,2025-10-15,6.0,0.95,1.06
BAC,2025-07-16,6.0,0.86,0.89
BAC,2025-04-15,6.0,0.81,0.9
BAC,2025-01-16,6.0,0.77,0.82
BAC,2024-10-15,6.0,0.76,0.81
BAC,2024-07-16,6.0,0.8,0.83
BAC,2024-04-16,6.0,0.77,0.76
BAC,2024-01-12,6.0,0.64,0.35
BAC,2023-10-17,6.0,0.82,0.9
BAC,2023-07-18,6.0,0.83,0.88
BAC,2023-04-18,6.0,0.83,0.94
BAC,2023-01-13,6.0,0.77,0.85
BAC,2022-10-17,6.0,0.77,0.81
BAC,2022-07-18,6.0,0.75,0.73
BAC,2022-04-18,6.0,0.74,0.8
BAC,2022-01-19,6.0,0.76,0.82
BAC,2021-10-14,6.0,0.7,0.85
BAC,2021-07-14,6.0,0.76,1.03
BAC,2021-04-15,12.0,0.65,0.86
BAC,2021-01-19,6.0,0.54,0.59
BAC,2020-10-14,6.0,0.5,0.51
BAC,2020-07-16,6.0,0.29,0.37
BAC,2020-04-15,7.0,0.6,0.4
BAC,2020-01-15,6.0,0.69,0.74
BAC,2019-10-16,6.0,0.51,0.56
BAC,2019-07-17,6.0,0.71,0.74
BAC,2019-04-16,6.0,0.66,0.7
BAC,2019-01-16,6.0,0.63,0.7
BAC,2018-10-15,7.0,0.62,0.66
BAC,2018-07-16,6.0,0.58,0.63
BAC,2018-04-16,6.0,0.59,0.62
BAC,2018-01-17,6.0,0.14,0.2
BAC,2017-10-13,6.0,0.46,0.48
BAC,2017-07-18,6.0,0.44,0.46
BAC,2017-04-18,6.0,0.35,0.41
BAC,2017-01-13,6.0,0.38,0.4
BAC,2016-10-17,2.0,0.34,0.41
BAC,2016-07-18,6.0,0.33,0.36
BAC,2016-04-14,6.0,0.21,0.21
BAC,2016-01-19,6.0,0.27,0.28
BAC,2015-10-14,7.0,0.33,0.37
BAC,2015-07-15,7.0,0.35,0.45
BAC,2015-04-15,7.0,0.29,0.27
BAC,2015-01-15,7.0,0.31,0.25
BAC,2014-10-15,7.0,-0.09,-0.05
BAC,2014-07-16,7.0,0.12,0.19
GS,2026-10-13,8.0,15.73,
GS,2026-07-14,7.0,14.54,20.98
GS,2026-04-13,7.0,16.24,17.55
GS,2026-01-15,7.0,11.76,14.01
GS,2025-10-14,7.0,11.09,12.25
GS,2025-07-16,7.0,9.62,10.91
GS,2025-04-14,7.0,12.29,14.12
GS,2025-01-15,7.0,8.29,10.97
GS,2024-10-15,7.0,7.31,9.02
GS,2024-07-15,7.0,8.4,8.41
GS,2024-04-15,7.0,8.7,11.58
GS,2024-01-16,7.0,4.27,5.48
GS,2023-10-17,7.0,5.53,5.47
GS,2023-07-19,7.0,3.83,3.08
GS,2023-04-18,7.0,8.06,8.79
GS,2023-01-17,7.0,5.77,3.32
GS,2022-10-18,7.0,7.52,8.25
GS,2022-07-18,7.0,6.56,7.73
GS,2022-04-14,7.0,8.98,10.76
GS,2022-01-18,7.0,11.93,10.81
GS,2021-10-15,8.0,10.01,14.93
GS,2021-07-13,7.0,10.18,15.02
GS,2021-04-14,7.0,10.19,18.6
GS,2021-01-19,7.0,7.36,12.55
GS,2020-10-14,7.0,5.5,9.68
GS,2020-07-15,7.0,3.91,6.26
GS,2020-04-15,7.0,3.36,3.11
GS,2020-01-15,7.0,5.49,4.69
GS,2019-10-15,7.0,4.89,4.79
GS,2019-07-16,7.0,5.09,5.81
GS,2019-04-15,7.0,5.1,5.71
GS,2019-01-16,7.0,4.71,6.04
GS,2018-10-16,7.0,5.38,6.28
GS,2018-07-17,7.0,4.64,5.98
GS,2018-04-17,7.0,5.54,6.95
GS,2018-01-17,7.0,4.95,5.68
GS,2017-10-17,7.0,4.15,5.02
GS,2017-07-18,7.0,3.41,3.95
GS,2017-04-18,7.0,5.24,5.15
GS,2017-01-18,7.0,4.8,5.08
GS,2016-10-18,7.0,3.83,4.88
GS,2016-07-19,7.0,3.04,3.72
GS,2016-04-19,7.0,2.5,2.68
GS,2016-01-20,7.0,3.62,4.68
GS,2015-10-15,7.0,3.08,2.9
GS,2015-07-16,7.0,3.95,1.98
GS,2015-04-16,7.0,4.27,5.94
GS,2015-01-16,7.0,4.31,4.38
GS,2014-10-16,7.0,3.14,4.57
GS,2014-07-15,7.0,3.09,4.1
MS,2026-10-14,8.0,3.16,
MS,2026-07-15,7.0,2.93,3.46
MS,2026-04-15,7.0,3.02,3.43
MS,2026-01-15,7.0,2.45,2.68
MS,2025-10-15,7.0,2.11,2.8
MS,2025-07-16,7.0,1.98,2.13
MS,2025-04-11,7.0,2.21,2.6
MS,2025-01-16,8.0,1.69,2.22
MS,2024-10-16,7.0,1.58,1.88
MS,2024-07-16,7.0,1.65,1.82
MS,2024-04-16,7.0,1.65,2.02
MS,2024-01-16,7.0,1.03,0.85
MS,2023-10-18,7.0,1.29,1.38
MS,2023-07-18,7.0,1.21,1.44
MS,2023-04-19,7.0,1.66,1.74
MS,2023-01-17,8.0,1.29,1.31
MS,2022-10-14,7.0,1.51,1.47
MS,2022-07-14,7.0,1.6,1.53
MS,2022-04-14,7.0,1.72,2.06
MS,2022-01-19,7.0,1.96,2.08
MS,2021-10-14,7.0,1.68,2.04
MS,2021-07-15,7.0,1.65,1.85
MS,2021-04-16,7.0,1.71,2.19
MS,2021-01-20,7.0,1.28,1.92
MS,2020-10-15,7.0,1.26,1.66
MS,2020-07-16,7.0,1.11,1.96
MS,2020-04-16,8.0,1.08,0.99
MS,2020-01-16,7.0,1.0,1.3
MS,2019-10-17,7.0,1.11,1.27
MS,2019-07-18,7.0,1.16,1.23
MS,2019-04-17,7.0,1.17,1.39
MS,2019-01-17,7.0,0.89,0.8
MS,2018-10-16,6.0,1.02,1.17
MS,2018-07-18,6.0,1.1,1.25
MS,2018-04-18,6.0,1.25,1.45
MS,2018-01-18,6.0,0.78,0.84
MS,2017-10-17,6.0,0.81,0.93
MS,2017-07-19,6.0,0.77,0.87
MS,2017-04-19,6.0,0.9,1.0
MS,2017-01-17,6.0,0.65,0.81
MS,2016-10-19,6.0,0.63,0.8
MS,2016-07-20,6.0,0.59,0.75
MS,2016-04-18,6.0,0.49,0.55
MS,2016-01-19,6.0,0.3,0.39
MS,2015-10-19,6.0,0.64,0.48
MS,2015-07-20,7.0,0.74,0.85
MS,2015-04-20,7.0,0.79,0.85
MS,2015-01-20,7.0,0.75,0.47
MS,2014-10-17,7.0,0.55,0.84
MS,2014-07-17,7.0,0.55,0.94
V,2026-10-27,16.0,3.43,
V,2026-07-28,16.0,3.23,3.32
V,2026-04-28,16.0,3.1,3.31
V,2026-01-29,16.0,3.14,3.17
V,2025-10-28,16.0,2.97,2.98
V,2025-07-29,16.0,2.85,2.98
V,2025-04-29,16.0,2.68,2.76
V,2025-01-30,16.0,2.66,2.75
V,2024-10-29,16.0,2.58,2.71
V,2024-07-23,16.0,2.42,2.42
V,2024-04-23,16.0,2.43,2.51
V,2024-01-25,16.0,2.34,2.41
V,2023-10-24,16.0,2.24,2.33
V,2023-07-25,16.0,2.12,2.16
V,2023-04-25,16.0,1.99,2.09
V,2023-01-26,16.0,2.01,2.18
V,2022-10-25,16.0,1.87,1.93
V,2022-07-26,16.0,1.75,1.98
V,2022-04-26,16.0,1.65,1.79
V,2022-01-27,16.0,1.7,1.81
V,2021-10-26,16.0,1.54,1.62
V,2021-07-27,16.0,1.35,1.49
V,2021-04-27,16.0,1.27,1.38
V,2021-01-28,16.0,1.28,1.42
V,2020-10-28,16.0,1.1,1.12
V,2020-07-28,16.0,1.04,1.06
V,2020-04-30,16.0,1.35,1.39
V,2020-01-30,16.0,1.47,1.46
V,2019-10-24,16.0,1.43,1.47
V,2019-07-23,16.0,1.32,1.37
V,2019-04-24,16.0,1.24,1.31
V,2019-01-30,16.0,1.25,1.3
V,2018-10-24,16.0,1.2,1.21
V,2018-07-25,16.0,1.09,1.2
V,2018-04-25,16.0,1.01,1.11
V,2018-02-01,16.0,0.98,1.08
V,2017-10-25,6.0,0.85,0.9
V,2017-07-20,16.0,0.81,0.86
V,2017-04-20,16.0,0.79,0.86
V,2017-02-02,16.0,0.78,0.86
V,2016-10-24,16.0,0.73,0.78
V,2016-07-21,16.0,0.67,0.69
V,2016-04-21,16.0,0.66,0.68
V,2016-01-28,16.0,0.68,0.69
V,2015-11-02,6.0,0.63,0.62
V,2015-07-23,16.0,0.58,0.62
V,2015-04-30,16.0,0.62,0.63
V,2015-01-29,16.0,0.62,0.63
V,2014-10-29,16.0,0.53,0.55
V,2014-07-24,16.0,0.52,0.54
MA,2026-10-29,8.0,5.15,
MA,2026-07-30,8.0,4.78,5.04
MA,2026-04-30,8.0,4.41,4.6
MA,2026-01-29,8.0,4.24,4.76
MA,2025-10-30,8.0,4.31,4.38
MA,2025-07-31,8.0,4.02,4.15
MA,2025-05-01,8.0,3.56,3.73
MA,2025-01-30,8.0,3.69,3.82
MA,2024-10-31,8.0,3.75,3.89
MA,2024-07-31,8.0,3.51,3.59
MA,2024-05-01,8.0,3.24,3.31
MA,2024-01-31,8.0,3.08,3.18
MA,2023-10-26,8.0,3.21,3.39
MA,2023-07-27,8.0,2.83,2.89
MA,2023-04-27,8.0,2.71,2.8
MA,2023-01-26,8.0,2.58,2.65
MA,2022-10-27,8.0,2.57,2.68
MA,2022-07-28,8.0,2.36,2.56
MA,2022-04-28,8.0,2.16,2.76
MA,2022-01-27,8.0,2.21,2.35
MA,2021-10-28,8.0,2.19,2.37
MA,2021-07-29,8.0,1.75,1.95
MA,2021-04-29,8.0,1.56,1.74
MA,2021-01-28,8.0,1.52,1.64
MA,2020-10-28,8.0,1.66,1.6
MA,2020-07-30,8.0,1.18,1.36
MA,2020-04-29,11.0,1.74,1.83
MA,2020-01-29,8.0,1.87,1.96
MA,2019-10-29,8.0,2.01,2.15
MA,2019-07-30,7.0,1.83,1.89
MA,2019-04-30,8.0,1.66,1.78
MA,2019-01-31,8.0,1.52,1.55
MA,2018-10-30,8.0,1.68,1.78
MA,2018-07-26,8.0,1.53,1.66
MA,2018-05-02,8.0,1.24,1.5
MA,2018-02-01,8.0,1.12,1.14
MA,2017-10-31,8.0,1.23,1.34
MA,2017-07-27,8.0,1.04,1.1
MA,2017-05-02,8.0,0.95,1.01
MA,2017-01-31,8.0,0.86,0.86
MA,2016-10-28,8.0,0.98,1.08
MA,2016-07-28,8.0,0.9,0.96
MA,2016-04-28,7.0,0.85,0.86
MA,2016-01-29,7.0,0.68,0.79
MA,2015-10-29,7.0,0.87,0.91
MA,2015-07-29,8.0,0.85,0.85
MA,2015-04-29,8.0,0.8,0.89
MA,2015-01-30,8.0,0.67,0.69
MA,2014-10-30,8.0,0.78,0.87
MA,2014-07-31,8.0,0.77,0.8
CAT,2026-10-29,8.0,6.92,
CAT,2026-08-04,6.0,6.2,8.17
CAT,2026-04-30,6.0,4.64,5.54
CAT,2026-01-29,6.0,4.71,5.16
CAT,2025-10-29,6.0,4.52,4.95
CAT,2025-08-05,6.0,4.9,4.72
CAT,2025-04-30,6.0,4.34,4.25
CAT,2025-01-30,6.0,5.03,5.14
CAT,2024-10-30,6.0,5.35,5.17
CAT,2024-08-06,6.0,5.54,5.99
CAT,2024-04-25,6.0,5.13,5.6
CAT,2024-02-05,6.0,4.75,5.23
CAT,2023-10-31,6.0,4.79,5.52
CAT,2023-08-01,6.0,4.58,5.55
CAT,2023-04-27,6.0,3.79,4.91
CAT,2023-01-31,6.0,4.03,3.86
CAT,2022-10-27,6.0,3.17,3.95
CAT,2022-08-02,6.0,3.02,3.18
CAT,2022-04-28,6.0,2.6,2.88
CAT,2022-01-28,6.0,2.26,2.69
CAT,2021-10-28,6.0,2.2,2.66
CAT,2021-07-30,6.0,2.41,2.6
CAT,2021-04-29,6.0,1.94,2.87
CAT,2021-01-29,6.0,1.49,2.12
CAT,2020-10-27,6.0,1.18,1.34
CAT,2020-07-31,6.0,0.72,1.03
CAT,2020-04-28,7.0,1.67,1.6
CAT,2020-01-31,6.0,2.38,2.63
CAT,2019-10-23,6.0,2.89,2.66
CAT,2019-07-24,7.0,3.12,2.83
CAT,2019-04-24,7.0,2.86,2.94
CAT,2019-01-28,7.0,2.99,2.55
CAT,2018-10-23,7.0,2.85,2.86
CAT,2018-07-30,7.0,2.74,2.97
CAT,2018-04-24,7.0,2.12,2.82
CAT,2018-01-25,7.0,1.78,2.16
CAT,2017-10-24,7.0,1.28,1.95
CAT,2017-07-25,7.0,1.26,1.49
CAT,2017-04-25,7.0,0.63,1.28
CAT,2017-01-26,7.0,0.67,0.83
CAT,2016-10-25,7.0,0.76,0.85
CAT,2016-07-26,7.0,0.96,1.09
CAT,2016-04-22,7.0,0.68,0.67
CAT,2016-01-28,7.0,0.69,0.74
CAT,2015-10-22,7.0,0.79,0.75
CAT,2015-07-23,7.0,1.28,1.27
CAT,2015-04-23,7.0,1.36,1.86
CAT,2015-01-27,7.0,1.57,1.35
CAT,2014-10-23,7.0,1.35,1.72
CAT,2014-07-24,7.0,1.53,1.69
HON,2026-10-22,8.0,2.17,
HON,2026-07-23,6.0,1.82,1.95
HON,2026-04-23,6.0,4.64,4.9
HON,2026-01-29,6.0,5.07,5.18
HON,2025-10-23,6.0,5.13,5.64
HON,2025-07-24,6.0,5.32,5.5
HON,2025-04-29,6.0,4.42,5.02
HON,2025-02-06,6.0,4.69,4.94
HON,2024-10-24,6.0,5.01,5.16
HON,2024-07-25,6.0,4.83,4.98
HON,2024-04-25,6.0,4.36,4.5
HON,2024-02-01,6.0,5.18,5.2
HON,2023-10-26,6.0,4.46,4.54
HON,2023-07-27,6.0,4.43,4.46
HON,2023-04-27,6.0,3.85,4.14
HON,2023-02-02,6.0,5.02,5.04
HON,2022-10-27,6.0,4.3,4.5
HON,2022-07-28,6.0,4.05,4.2
HON,2022-04-29,6.0,3.72,3.82
HON,2022-02-03,6.0,4.16,4.18
HON,2021-10-22,6.0,3.99,4.04
HON,2021-07-23,6.0,3.89,4.04
HON,2021-04-23,6.0,3.6,3.84
HON,2021-01-29,6.0,4.0,4.14
HON,2020-10-30,6.0,2.97,3.12
HON,2020-07-24,6.0,2.48,2.52
HON,2020-05-01,6.0,3.89,4.42
HON,2020-01-31,6.0,4.08,4.12
HON,2019-10-17,6.0,4.02,4.16
HON,2019-07-18,6.0,4.17,4.2
HON,2019-04-18,6.0,3.67,3.84
HON,2019-02-01,6.0,3.78,3.82
HON,2018-10-19,6.0,3.98,4.06
HON,2018-07-20,6.0,4.02,4.24
HON,2018-04-20,6.0,3.8,3.9
HON,2018-01-26,6.0,3.68,3.7
HON,2017-10-20,6.0,3.49,3.5
HON,2017-07-21,6.0,3.56,3.6
HON,2017-04-21,6.0,3.25,3.42
HON,2017-01-27,6.0,3.48,3.48
HON,2016-10-21,6.0,3.2,3.2
HON,2016-07-22,6.0,3.28,3.32
HON,2016-04-22,6.0,3.0,3.06
HON,2016-01-29,6.0,3.17,3.06
HON,2015-10-16,6.0,3.09,3.2
HON,2015-07-17,7.0,2.98,3.02
HON,2015-04-17,7.0,2.79,2.82
HON,2015-01-23,7.0,2.83,2.86
HON,2014-10-17,6.0,2.83,2.94
HON,2014-07-18,7.0,2.71,2.76
GE,2026-10-20,8.0,1.99,
GE,2026-07-16,6.0,1.86,2.02
GE,2026-04-21,6.0,1.6,1.86
GE,2026-01-22,6.0,1.43,1.57
GE,2025-10-21,6.0,1.47,1.66
GE,2025-07-17,6.0,1.43,1.66
GE,2025-04-22,6.0,1.27,1.49
GE,2025-01-23,6.0,1.04,1.32
GE,2024-10-22,6.0,1.13,1.15
GE,2024-07-23,6.0,0.99,1.2
GE,2024-04-23,6.0,0.7,0.82
GE,2024-01-23,6.0,0.9,1.03
GE,2023-10-24,6.0,0.56,0.82
GE,2023-07-25,6.0,0.46,0.68
GE,2023-04-25,6.0,0.14,0.27
GE,2023-01-24,6.0,1.16,1.24
GE,2022-10-25,6.0,0.49,0.35
GE,2022-07-26,6.0,0.42,0.78
GE,2022-04-26,6.0,0.22,0.24
GE,2022-01-25,6.0,0.82,0.92
GE,2021-10-26,6.0,0.44,0.57
GE,2021-07-27,6.0,0.27,0.4
GE,2021-04-27,6.0,0.08,0.24
GE,2021-01-26,6.0,0.68,0.64
GE,2020-10-28,6.0,-0.23,0.48
GE,2020-07-29,6.0,-0.72,-1.2
GE,2020-04-29,6.0,0.65,0.4
GE,2020-01-29,6.0,1.42,1.68
GE,2019-10-30,6.0,0.91,1.2
GE,2019-07-31,6.0,0.95,1.36
GE,2019-04-30,6.0,0.73,1.12
GE,2019-01-31,6.0,1.79,1.36
GE,2018-10-30,6.0,1.61,1.12
GE,2018-07-20,6.0,1.4,1.52
GE,2018-04-20,7.0,0.91,1.28
GE,2018-01-24,6.0,2.27,2.16
GE,2017-10-20,6.0,3.92,2.32
GE,2017-07-21,6.0,2.0,2.24
GE,2017-04-21,6.0,1.36,1.68
GE,2017-01-20,6.0,3.68,3.68
GE,2016-10-21,6.0,2.4,2.56
GE,2016-07-22,6.0,3.65,4.08
GE,2016-04-22,6.0,1.54,1.68
GE,2016-01-22,6.0,3.96,4.16
GE,2015-10-16,7.0,2.08,2.32
GE,2015-07-17,6.0,2.29,2.24
GE,2015-04-17,6.0,2.41,2.48
GE,2015-01-23,6.0,4.36,4.48
GE,2014-10-17,6.0,2.99,3.04
GE,2014-07-18,6.0,3.15,3.12
UPS,2026-10-27,8.0,1.63,
UPS,2026-07-28,6.0,1.66,1.76
UPS,2026-04-28,6.0,1.02,1.07
UPS,2026-01-27,6.0,2.2,2.38
UPS,2025-10-28,6.0,1.3,1.74
UPS,2025-07-29,6.0,1.57,1.55
UPS,2025-04-29,6.0,1.38,1.49
UPS,2025-01-30,6.0,2.53,2.75
UPS,2024-10-24,6.0,1.62,1.76
UPS,2024-07-23,6.0,1.99,1.79
UPS,2024-04-23,6.0,1.34,1.43
UPS,2024-01-30,6.0,2.46,2.47
UPS,2023-10-26,6.0,1.56,1.57
UPS,2023-08-08,6.0,2.5,2.54
UPS,2023-04-25,6.0,2.21,2.2
UPS,2023-01-31,6.0,3.58,3.62
UPS,2022-10-25,6.0,2.85,2.99
UPS,2022-07-26,6.0,3.16,3.29
UPS,2022-04-26,6.0,2.88,3.05
UPS,2022-02-01,6.0,3.1,3.59
UPS,2021-10-26,6.0,2.55,2.71
UPS,2021-07-27,6.0,2.81,3.06
UPS,2021-04-27,6.0,1.72,2.77
UPS,2021-02-02,6.0,2.15,2.66
UPS,2020-10-28,6.0,1.9,2.28
UPS,2020-07-30,6.0,1.08,2.13
UPS,2020-04-28,8.0,1.23,1.15
UPS,2020-01-30,7.0,2.11,2.11
UPS,2019-10-22,7.0,2.06,2.07
UPS,2019-07-24,7.0,1.93,1.96
UPS,2019-04-25,7.0,1.43,1.39
UPS,2019-01-31,7.0,1.91,1.94
UPS,2018-10-24,7.0,1.82,1.82
UPS,2018-07-25,7.0,1.93,1.94
UPS,2018-04-26,7.0,1.54,1.55
UPS,2018-02-01,7.0,1.66,1.67
UPS,2017-10-26,7.0,1.45,1.45
UPS,2017-07-27,7.0,1.47,1.58
UPS,2017-04-27,7.0,1.29,1.32
UPS,2017-01-31,7.0,1.69,1.63
UPS,2016-10-27,7.0,1.44,1.44
UPS,2016-07-29,7.0,1.43,1.43
UPS,2016-04-28,7.0,1.21,1.27
UPS,2016-02-02,7.0,1.42,1.57
UPS,2015-10-27,7.0,1.37,1.39
UPS,2015-07-28,7.0,1.27,1.35
UPS,2015-04-28,7.0,1.09,1.12
UPS,2015-02-03,7.0,1.25,1.25
UPS,2014-10-24,7.0,1.28,1.32
UPS,2014-07-29,7.0,1.25,1.21
XOM,2026-10-30,8.0,3.62,
XOM,2026-07-31,6.0,3.63,4.11
XOM,2026-05-01,6.0,1.01,1.16
XOM,2026-01-30,6.0,1.69,1.71
XOM,2025-10-31,6.0,1.82,1.88
XOM,2025-08-01,6.0,1.56,1.64
XOM,2025-05-02,6.0,1.74,1.76
XOM,2025-01-31,6.0,1.55,1.67
XOM,2024-11-01,6.0,1.87,1.92
XOM,2024-08-02,6.0,2.01,2.14
XOM,2024-04-26,4.0,2.16,2.06
XOM,2024-02-02,6.0,2.19,2.48
XOM,2023-10-27,3.0,2.36,2.27
XOM,2023-07-28,6.0,2.02,1.94
XOM,2023-04-28,6.0,2.59,2.83
XOM,2023-01-31,6.0,3.28,3.4
XOM,2022-10-28,6.0,3.82,4.45
XOM,2022-07-29,6.0,3.89,4.14
XOM,2022-04-29,6.0,2.22,2.07
XOM,2022-02-01,7.0,1.93,2.05
XOM,2021-10-29,7.0,1.52,1.58
XOM,2021-07-30,7.0,0.99,1.1
XOM,2021-04-30,7.0,0.6,0.65
XOM,2021-02-02,7.0,0.02,0.03
XOM,2020-10-30,7.0,-0.25,-0.18
XOM,2020-07-31,7.0,-0.6,-0.7
XOM,2020-05-01,8.0,0.05,0.53
XOM,2020-01-31,7.0,0.45,0.41
XOM,2019-11-01,7.0,0.66,0.68
XOM,2019-08-02,7.0,0.71,0.61
XOM,2019-04-26,8.0,0.73,0.55
XOM,2019-02-01,8.0,1.09,1.5
XOM,2018-11-02,8.0,1.22,1.46
XOM,2018-07-27,8.0,1.27,0.92
XOM,2018-04-27,8.0,1.1,1.09
XOM,2018-02-02,8.0,1.03,0.88
XOM,2017-10-27,8.0,0.87,0.93
XOM,2017-07-28,8.0,0.85,0.78
XOM,2017-04-28,8.0,0.87,0.95
XOM,2017-01-31,8.0,0.7,0.89
XOM,2016-10-28,8.0,0.6,0.63
XOM,2016-07-29,8.0,0.64,0.41
XOM,2016-04-29,8.0,0.31,0.43
XOM,2016-02-02,8.0,0.64,0.67
XOM,2015-10-30,8.0,0.9,1.01
XOM,2015-07-31,8.0,1.11,1.06
XOM,2015-04-30,8.0,0.83,1.17
XOM,2015-02-02,8.0,1.34,1.32
XOM,2014-10-31,8.0,1.72,1.89
XOM,2014-07-31,8.0,1.86,2.05
CVX,2026-10-30,8.0,4.74,
CVX,2026-07-31,6.0,5.57,6.06
CVX,2026-05-01,6.0,0.97,1.41
CVX,2026-01-30,6.0,1.44,1.52
CVX,2025-10-31,6.0,1.71,1.85
CVX,2025-08-01,6.0,1.74,1.77
CVX,2025-05-02,6.0,2.15,2.18
CVX,2025-01-31,6.0,2.11,2.06
CVX,2024-11-01,6.0,2.42,2.51
CVX,2024-08-02,6.0,3.0,2.55
CVX,2024-04-26,3.0,2.91,2.93
CVX,2024-02-02,6.0,3.22,3.45
CVX,2023-10-27,3.0,3.68,3.05
CVX,2023-07-23,16.0,2.98,3.08
CVX,2023-04-28,6.0,3.38,3.55
CVX,2023-01-27,6.0,4.3,4.09
CVX,2022-10-28,6.0,4.92,5.56
CVX,2022-07-29,6.0,5.03,5.82
CVX,2022-04-29,6.0,3.45,3.36
CVX,2022-01-28,6.0,3.12,2.56
CVX,2021-10-29,6.0,2.19,2.96
CVX,2021-07-30,6.0,1.6,1.71
CVX,2021-04-30,6.0,0.94,0.9
CVX,2021-01-29,7.0,0.09,-0.01
CVX,2020-10-30,6.0,-0.27,0.11
CVX,2020-07-31,6.0,-0.92,-1.59
CVX,2020-05-01,7.0,0.67,1.29
CVX,2020-01-31,8.0,1.46,1.49
CVX,2019-11-01,8.0,1.46,1.55
CVX,2019-08-02,8.0,1.82,1.77
CVX,2019-04-26,8.0,1.33,1.47
CVX,2019-02-01,8.0,1.89,1.95
CVX,2018-11-02,8.0,2.06,2.44
CVX,2018-07-27,8.0,2.09,1.78
CVX,2018-04-27,8.0,1.49,1.9
CVX,2018-02-02,8.0,1.24,0.72
CVX,2017-10-27,8.0,0.97,0.85
CVX,2017-07-28,8.0,0.87,0.91
CVX,2017-04-28,8.0,0.87,1.23
CVX,2017-01-27,8.0,0.64,0.21
CVX,2016-10-28,8.0,0.39,0.49
CVX,2016-07-29,8.0,0.32,0.35
CVX,2016-04-29,8.0,-0.16,-0.11
CVX,2016-01-29,8.0,0.51,0.27
CVX,2015-10-30,8.0,0.74,1.09
CVX,2015-07-31,8.0,1.16,0.97
CVX,2015-05-01,8.0,0.81,1.37
CVX,2015-01-30,8.0,1.65,1.85
CVX,2014-10-31,8.0,2.53,2.95
CVX,2014-08-01,8.0,2.67,2.98
